name,datetime,tempmax,tempmin,temp,feelslikemax,feelslikemin,feelslike,dew,humidity,precip,precipprob,precipcover,preciptype,snow,snowdepth,windgust,windspeed,winddir,sealevelpressure,cloudcover,visibility,solarradiation,solarenergy,uvindex,severerisk,sunrise,sunset,moonphase,conditions,description,icon,stations
haridwar,2023-04-01,25.1,13.7,18.9,25.1,13.7,18.9,11.7,66,11,100,8.33,rain,0,0,14.8,9.4,91.2,1009.7,78.5,16.5,156.5,13.7,8,10,2023-04-01T06:07:35,2023-04-01T18:35:56,0.34,"Rain, Partially cloudy",Partly cloudy throughout the day with rain.,rain,"42114099999,42111099999,remote,42143099999"
haridwar,2023-04-02,28.3,13.2,20.4,27.3,13.2,20.3,11.7,60.6,0.4,100,4.17,rain,0,0,27.7,19.1,308.9,1008.2,15,17,267.6,23.3,9,10,2023-04-02T06:06:24,2023-04-02T18:36:32,0.37,Rain,Clear conditions throughout the day with early morning rain.,rain,"42114099999,42111099999,remote,42143099999"
haridwar,2023-04-03,30.6,14.9,22.4,28.9,14.9,22.1,11.1,52.1,0,0,0,,0,0,23,18.4,331.8,1006.6,41.1,17.9,255.9,22.1,9,10,2023-04-03T06:05:13,2023-04-03T18:37:08,0.41,Partially cloudy,Partly cloudy throughout the day.,partly-cloudy-day,"42114099999,42111099999,remote,42143099999"
haridwar,2023-04-04,29.8,16.1,21.9,28.2,16.1,21.6,10.7,52.5,0.3,100,12.5,rain,0,0,16.9,12.2,345.5,1008.6,36.7,16.9,258.1,22.4,9,10,2023-04-04T06:04:02,2023-04-04T18:37:44,0.44,"Rain, Partially cloudy",Partly cloudy throughout the day with rain.,rain,"42114099999,42111099999,remote,42143099999"
haridwar,2023-04-05,31.4,13.9,22.3,29.2,13.9,21.9,5.2,39.3,0,0,0,,0,0,24.8,22,328.2,1009.2,5,18,283.8,24.4,9,10,2023-04-05T06:02:51,2023-04-05T18:38:20,0.47,Clear,Clear conditions throughout the day.,clear-day,"42114099999,42111099999,remote,42143099999"
haridwar,2023-04-06,32.3,15.9,23.2,30,15.9,22.7,2.8,30.8,0,0,0,,0,0,41.8,25.9,314.8,1011.1,26,17.9,273.3,23.7,9,10,2023-04-06T06:01:40,2023-04-06T18:38:57,0.5,Partially cloudy,Clearing in the afternoon.,partly-cloudy-day,"42114099999,42111099999,remote,42143099999"
haridwar,2023-04-07,33,15.1,23.5,30.6,15.1,22.9,5.2,35.3,0,0,0,,0,0,19.1,13.3,311.1,1012.3,0.8,17.1,284.6,24.6,9,10,2023-04-07T06:00:30,2023-04-07T18:39:33,0.54,Clear,Clear conditions throughout the day.,clear-day,"42114099999,42111099999,remote,42143099999"
haridwar,2023-04-08,33.8,15.9,24.3,31.3,15.9,23.7,5.3,33.9,0,0,0,,0,0,9.7,11.5,190.8,1013.1,2.4,17,285.8,24.7,9,10,2023-04-08T05:59:20,2023-04-08T18:40:09,0.57,Clear,Clear conditions throughout the day.,clear-day,"42114099999,42111099999,remote,42143099999"
haridwar,2023-04-09,33.9,15.7,24.9,31.3,15.7,24.3,3.7,30.5,0,0,0,,0,0,16.9,15.5,314.1,1013.2,1.9,18,287.7,24.9,9,10,2023-04-09T05:58:11,2023-04-09T18:40:45,0.61,Clear,Clear conditions throughout the day.,clear-day,"42114099999,42111099999,remote,42143099999"
haridwar,2023-04-10,35.1,15.7,25.3,32.3,15.7,24.6,3.8,31,0,0,0,,0,0,19.1,20.9,317.1,1011.1,12,16.9,288.1,25,9,10,2023-04-10T05:57:02,2023-04-10T18:41:22,0.65,Clear,Clear conditions throughout the day.,clear-day,"42114099999,42111099999,remote,42143099999"
haridwar,2023-04-11,36.2,16.1,26.4,33.4,16.1,25.4,4.1,28.4,0,0,0,,0,0,48.2,27.7,305,1010,40.2,17.9,277.5,24,8,10,2023-04-11T05:55:54,2023-04-11T18:41:58,0.68,Partially cloudy,Partly cloudy throughout the day.,partly-cloudy-day,"42114099999,42111099999,remote,42143099999"
haridwar,2023-04-12,37.4,17.1,27.1,34.4,17.1,26.2,5.1,29,0,0,0,,0,0,21.6,20.2,310.2,1009.5,33.3,17.8,287.1,24.9,9,10,2023-04-12T05:54:46,2023-04-12T18:42:35,0.72,Partially cloudy,Partly cloudy throughout the day.,partly-cloudy-day,"42114099999,42111099999,remote,42143099999"
haridwar,2023-04-13,38.4,18.2,27.8,35.3,18.2,26.8,5.4,29.8,0,0,0,,0,0,33.1,22.3,305.7,1008.2,2.8,16.9,289.1,25,9,10,2023-04-13T05:53:38,2023-04-13T18:43:12,0.75,Clear,Clear conditions throughout the day.,clear-day,"42114099999,42111099999,remote,42143099999"
haridwar,2023-04-14,38.8,19.1,28.6,35.6,19.1,27.5,5.5,28.7,0,0,0,,0,0,9.7,10.4,320.2,1007.3,1.6,16.8,290.7,25.1,9,10,2023-04-14T05:52:31,2023-04-14T18:43:48,0.79,Clear,Clear conditions throughout the day.,clear-day,"42114099999,42111099999,remote,42143099999"
haridwar,2023-04-15,39.3,20.1,29.5,36,20.1,28.3,5.4,26.8,0,0,0,,0,0,13.7,12.6,308.4,1006.9,33.7,16.9,288.5,25,9,10,2023-04-15T05:51:25,2023-04-15T18:44:25,0.82,Partially cloudy,Clearing in the afternoon.,partly-cloudy-day,"42114099999,42111099999,remote,42143099999"
haridwar,2023-04-16,39.7,18.9,29.6,36.3,18.9,28.3,4.4,25.7,0,0,0,,0,0,26.6,20.5,334.9,1006.3,40.4,17.8,279.3,24.1,9,10,2023-04-16T05:50:19,2023-04-16T18:45:02,0.86,Partially cloudy,Partly cloudy throughout the day.,partly-cloudy-day,"42114099999,42111099999,remote,42143099999"
haridwar,2023-04-17,40.1,19.9,30,36.8,19.9,28.7,5.1,25,0,0,0,,0,0,15.1,15.5,321.4,1005.7,13.6,17.7,291.4,25.3,9,10,2023-04-17T05:49:14,2023-04-17T18:45:39,0.9,Clear,Clear conditions throughout the day.,clear-day,"42114099999,42111099999,remote,42143099999"
haridwar,2023-04-18,40.2,20.4,30.6,37.3,20.4,29.5,7.3,26.9,0.3,100,8.33,rain,0,0,42.1,27.4,330.9,1006.9,49.7,18.2,276.8,23.8,9,10,2023-04-18T05:48:10,2023-04-18T18:46:16,0.93,"Rain, Partially cloudy",Becoming cloudy in the afternoon with late afternoon rain.,rain,"42114099999,42111099999,remote,42143099999"
haridwar,2023-04-19,37.4,20.7,28,34.9,20.7,27.3,10.3,36.3,3.9,100,12.5,rain,0,0,43.9,24.5,359.8,1005.4,88,18.4,214.5,18.7,9,10,2023-04-19T05:47:06,2023-04-19T18:46:54,0.97,"Rain, Partially cloudy",Partly cloudy throughout the day with rain.,rain,"42114099999,42111099999,remote,42143099999"
haridwar,2023-04-20,34.6,18.7,25.9,32.7,18.7,25.4,12.4,47,12,100,4.17,rain,0,0,44.6,22,48.9,1002.7,74.2,16.7,229.8,20,9,10,2023-04-20T05:46:03,2023-04-20T18:47:31,0,"Rain, Partially cloudy",Partly cloudy throughout the day with early morning rain.,rain,"42114099999,42111099999,remote,42143099999"
haridwar,2023-04-21,34.4,19.1,25.4,31.8,19.1,24.7,8.6,39.7,6,100,4.17,rain,0,0,40.3,25.9,348.6,1003.9,47.9,17.9,289.3,25.1,9,10,2023-04-21T05:45:00,2023-04-21T18:48:09,0.04,"Rain, Partially cloudy",Partly cloudy throughout the day with early morning rain.,rain,"42114099999,42111099999,remote,42143099999"
haridwar,2023-04-22,34,18.1,25.5,31.4,18.1,24.8,5.1,31.1,0.1,100,4.17,rain,0,0,27.4,25.2,326.7,1004.7,11.2,17.1,301.8,26,10,10,2023-04-22T05:43:59,2023-04-22T18:48:46,0.07,Rain,Clear conditions throughout the day with early morning rain.,rain,"42114099999,42111099999,remote,42143099999"
haridwar,2023-04-23,34.2,18.1,25.4,31.6,18.1,24.7,2.8,28,0,0,0,,0,0,32,17.3,11.2,1005.8,51.8,17.9,248.4,21.5,9,10,2023-04-23T05:42:58,2023-04-23T18:49:24,0.1,Partially cloudy,Partly cloudy throughout the day.,partly-cloudy-day,"42114099999,42111099999,remote,42143099999"
haridwar,2023-04-24,33.6,17.4,25.1,31.1,17.4,24.5,4.1,30.8,0,0,0,,0,0,25.6,22.3,144.5,1009.6,79.9,16.9,240.8,20.8,9,10,2023-04-24T05:41:58,2023-04-24T18:50:02,0.13,Partially cloudy,Partly cloudy throughout the day.,partly-cloudy-day,"42114099999,42111099999,remote,42143099999"
haridwar,2023-04-25,32.6,17.1,24.9,31.6,17.1,24.4,8.4,39.1,0,0,0,,0,0,11.2,11.5,31.1,1011.4,27,17,297,25.7,9,10,2023-04-25T05:40:58,2023-04-25T18:50:40,0.16,Partially cloudy,Partly cloudy throughout the day.,partly-cloudy-day,"42114099999,42111099999,remote,42143099999"
haridwar,2023-04-26,34.4,16.9,26.3,32,16.9,25.6,9.2,39.1,0,0,0,,0,0,8.6,11.2,106.2,1007.8,59.7,16.8,286.5,24.9,9,10,2023-04-26T05:40:00,2023-04-26T18:51:18,0.2,Partially cloudy,Partly cloudy throughout the day.,partly-cloudy-day,"42114099999,42111099999,remote,42143099999"
haridwar,2023-04-27,37.2,18.9,26.7,34.4,18.9,26,9,37.5,2,100,4.17,rain,0,0,40.3,25.6,43.8,1007.4,72.8,16.8,271,23.3,9,10,2023-04-27T05:39:02,2023-04-27T18:51:56,0.23,"Rain, Partially cloudy",Partly cloudy throughout the day with afternoon rain.,rain,"42114099999,42111099999,remote,42143099999"
haridwar,2023-04-28,36.3,17.4,26.7,33.6,17.4,25.9,8.5,36.5,0,0,0,,0,0,22.3,15.1,3.6,1008.1,80.2,17,264.5,22.8,8,10,2023-04-28T05:38:06,2023-04-28T18:52:34,0.25,Partially cloudy,Partly cloudy throughout the day.,partly-cloudy-day,"42114099999,42111099999,remote,42143099999"
haridwar,2023-04-29,34.6,19.1,25.9,32.5,19.1,25.4,10.4,41.2,2.2,100,12.5,rain,0,0,46.1,27.4,79.3,1007.1,87.6,16.1,230.4,19.8,9,10,2023-04-29T05:37:10,2023-04-29T18:53:12,0.29,"Rain, Partially cloudy",Partly cloudy throughout the day with late afternoon rain.,rain,"42114099999,42111099999,remote,42143099999"
haridwar,2023-04-30,29.9,18.4,23.1,28.8,18.4,23,13.9,58.7,25,100,8.33,rain,0,0,40.7,18.4,83.4,1007.1,88.5,15.9,208,18,7,10,2023-04-30T05:36:15,2023-04-30T18:53:51,0.32,"Rain, Partially cloudy",Partly cloudy throughout the day with rain.,rain,"42114099999,42111099999,remote,42143099999"
haridwar,2023-05-01,22,16.1,19.3,22,16.1,19.3,15.9,81.3,12,100,8.33,rain,0,0,33.8,13.3,86.3,1008.6,99.1,14.9,30.6,2.7,1,10,2023-05-01T05:35:21,2023-05-01T18:54:29,0.36,"Rain, Overcast",Cloudy skies throughout the day with rain in the morning and afternoon.,rain,"42114099999,42111099999,remote,42143099999"
haridwar,2023-05-02,23,17.2,19.8,23,17.2,19.8,15,74.7,0.8,100,4.17,rain,0,0,19.1,11.9,76,1010.1,85.6,17.6,101.9,8.9,5,10,2023-05-02T05:34:28,2023-05-02T18:55:08,0.39,"Rain, Partially cloudy",Partly cloudy throughout the day with morning rain.,rain,"42114099999,42111099999,remote,42143099999"
haridwar,2023-05-03,29,15.4,20.6,28,15.4,20.5,14.2,70.1,14,100,8.33,rain,0,0,23,15.5,63.3,1010.8,71.6,14.8,198,17.1,8,10,2023-05-03T05:33:36,2023-05-03T18:55:46,0.42,"Rain, Partially cloudy",Partly cloudy throughout the day with rain in the morning and afternoon.,rain,"42114099999,42111099999,remote,42143099999"
haridwar,2023-05-04,30.8,15.7,23.5,30,15.7,23.3,13.2,55.2,0,0,0,,0,0,10.1,8.6,126.6,1009.8,20,17.9,302.8,26.1,9,10,2023-05-04T05:32:46,2023-05-04T18:56:25,0.45,Clear,Partly cloudy throughout the day.,clear-day,"42114099999,42111099999,remote,42143099999"
haridwar,2023-05-05,33.4,19.7,25.8,31.6,19.7,25.4,13.5,49.4,0,0,0,,0,0,27.7,21.2,332.2,1007.1,35.1,17.8,279.9,24.3,9,10,2023-05-05T05:31:56,2023-05-05T18:57:04,0.5,Partially cloudy,Partly cloudy throughout the day.,partly-cloudy-day,"42114099999,42111099999,remote,42143099999"
haridwar,2023-05-06,35,18.2,26.4,33.1,18.2,26,12.6,45.9,0,0,0,,0,0,27,20.2,315.2,1004.9,36.3,16.9,263.5,22.8,9,10,2023-05-06T05:31:07,2023-05-06T18:57:43,0.52,Partially cloudy,Partly cloudy throughout the day.,partly-cloudy-day,"42114099999,42111099999,remote,42143099999"
haridwar,2023-05-07,36.8,18.2,27.3,34.2,18.2,26.5,10.5,40.1,0.4,100,4.17,rain,0,0,28.8,17.3,338.8,1004.4,16.1,16.9,298.5,25.8,10,10,2023-05-07T05:30:20,2023-05-07T18:58:21,0.56,Rain,Clear conditions throughout the day with morning rain.,rain,"42114099999,42111099999,remote,42143099999"
haridwar,2023-05-08,35.9,19.4,26.8,33.2,19.4,26.2,10.1,38.1,0.4,100,8.33,rain,0,0,31,35.3,111.3,1004.9,44,16.7,285,24.6,10,10,2023-05-08T05:29:33,2023-05-08T18:59:00,0.59,"Rain, Partially cloudy",Partly cloudy throughout the day with afternoon rain.,rain,"42114099999,42111099999,remote,42143099999"
haridwar,2023-05-09,36.4,20.2,27.4,33.4,20.2,26.4,5.9,30.8,0.2,100,4.17,rain,0,0,49.3,26.6,312.3,1005.8,16.8,16.9,316.2,27.3,10,10,2023-05-09T05:28:48,2023-05-09T18:59:39,0.63,Rain,Clear conditions throughout the day with afternoon rain.,rain,"42114099999,42111099999,remote,42143099999"
haridwar,2023-05-10,36,17.4,26.9,33.2,17.4,26,3.9,27.5,0,0,0,,0,0,25.6,20.2,310.7,1004.7,1.9,17,320.3,27.7,10,10,2023-05-10T05:28:04,2023-05-10T19:00:17,0.66,Clear,Clear conditions throughout the day.,clear-day,"42114099999,42111099999,remote,42143099999"
haridwar,2023-05-11,37.7,17.4,28.2,34.6,17.4,27,4.2,27,0,0,0,,0,0,13.7,13,251.4,1005.7,14.7,17,320.1,27.7,10,10,2023-05-11T05:27:21,2023-05-11T19:00:56,0.7,Clear,Clear conditions throughout the day.,clear-day,"42114099999,42111099999,remote,42143099999"
haridwar,2023-05-12,39.8,20.4,29.7,36.3,20.4,28.4,4.1,25.3,0,0,0,,0,0,21.2,15.8,352.2,1005.1,38.4,16.9,311.2,26.9,10,10,2023-05-12T05:26:39,2023-05-12T19:01:34,0.75,Partially cloudy,Clearing in the afternoon.,partly-cloudy-day,"42114099999,42111099999,remote,42143099999"
haridwar,2023-05-13,40.4,20.7,30.6,36.9,20.7,29.3,4.4,23.7,0,0,0,,0,0,23,14,49.2,1004.4,2.6,17.6,319.2,27.4,10,10,2023-05-13T05:25:58,2023-05-13T19:02:13,0.77,Clear,Clear conditions throughout the day.,clear-day,"42114099999,42111099999,remote,42143099999"
haridwar,2023-05-14,40.8,22.2,31.1,37.3,22.2,29.7,4.7,24.5,0,0,0,,0,0,41.8,25.9,307.2,1001.1,13,16.8,317.9,27.4,10,10,2023-05-14T05:25:19,2023-05-14T19:02:51,0.81,Clear,Clear conditions throughout the day.,clear-day,"42114099999,42111099999,remote,42143099999"
haridwar,2023-05-15,40.6,20.9,30.7,37,20.9,29.3,4.9,25.1,0,0,0,,0,0,40.7,28.8,314,1000.7,5.9,16.8,319.4,27.5,10,10,2023-05-15T05:24:41,2023-05-15T19:03:29,0.84,Clear,Clear conditions throughout the day.,clear-day,"42114099999,42111099999,remote,42143099999"
haridwar,2023-05-16,40.9,21.1,31,37.4,21.1,29.5,4.6,23.2,0,0,0,,0,0,34.2,21.2,318.1,1002.2,39.2,17.7,311.9,26.9,10,10,2023-05-16T05:24:04,2023-05-16T19:04:07,0.88,Partially cloudy,Partly cloudy throughout the day.,partly-cloudy-day,"42114099999,42111099999,remote,42143099999"
haridwar,2023-05-17,41,22.2,31.9,38,22.2,30.5,6.4,23,0,0,0,,0,0,25.2,21.6,321.4,1003.5,16.6,18.7,312.9,27.1,10,10,2023-05-17T05:23:29,2023-05-17T19:04:45,0.91,Clear,Clear conditions throughout the day.,clear-day,"42114099999,42111099999,remote,42143099999"
haridwar,2023-05-18,38,19.6,28.8,36.1,19.6,28,12,40.4,11,100,12.5,rain,0,0,38.5,24.5,294.7,1007.6,45.7,16.7,271.3,23.5,9,10,2023-05-18T05:22:55,2023-05-18T19:05:23,0.95,"Rain, Partially cloudy",Partly cloudy throughout the day with rain clearing later.,rain,"42114099999,42111099999,remote"
haridwar,2023-05-19,38.9,20.7,29.8,36.1,20.7,28.7,10.1,35.1,0,0,0,,0,0,40.7,27,294.9,1004.5,0.8,17.7,317.4,27.4,10,10,2023-05-19T05:22:22,2023-05-19T19:06:00,0,Clear,Clear conditions throughout the day.,clear-day,"42114099999,42111099999,remote"
haridwar,2023-05-20,40.3,21.9,30.6,37.3,21.9,29.5,8.9,29.9,0,0,0,,0,0,41.4,29.9,303.5,1002.4,4.4,17.8,315.7,27.4,10,10,2023-05-20T05:21:50,2023-05-20T19:06:38,0.02,Clear,Clear conditions throughout the day.,clear-day,"42114099999,42111099999,remote,42143099999"
haridwar,2023-05-21,42.4,21.1,31.5,38.6,21.1,30.3,8.3,30.5,0,0,0,,0,0,38.9,26.3,339.6,1003.1,17.4,16.9,319,27.4,10,10,2023-05-21T05:21:20,2023-05-21T19:07:15,0.05,Clear,Clear conditions throughout the day.,clear-day,"42114099999,42111099999,remote,42143099999"
haridwar,2023-05-22,43.6,21.9,32.9,43.6,21.9,31.6,6.1,25,0,0,0,,0,0,26.6,22.3,337.6,1003,8.4,16.9,321.3,27.6,10,10,2023-05-22T05:20:51,2023-05-22T19:07:51,0.08,Clear,Clear conditions throughout the day.,clear-day,"42114099999,42111099999,remote,42143099999"
haridwar,2023-05-23,42.4,21.1,32,39.7,21.1,30.9,10.2,31.1,15,100,4.17,rain,0,0,43.9,27,208.2,1004.1,70,16.9,296.1,25.6,9,10,2023-05-23T05:20:24,2023-05-23T19:08:28,0.12,"Rain, Partially cloudy",Partly cloudy throughout the day with late afternoon rain.,rain,"42114099999,42111099999,remote,42143099999"
haridwar,2023-05-24,36.2,21.9,28,35.5,21.9,27.7,15.3,49.5,0.4,100,4.17,rain,0,0,30.2,14.8,156.7,1004.9,85.2,16,197.1,17,8,10,2023-05-24T05:19:57,2023-05-24T19:09:04,0.15,"Rain, Partially cloudy",Partly cloudy throughout the day with morning rain.,rain,"42114099999,42111099999,remote,42143099999"
haridwar,2023-05-25,33.6,19.9,26.2,33.2,19.9,26.2,17,60,9.6,100,12.5,rain,0,0,34.9,14.8,133.3,1005.3,50.8,16.2,299,25.7,9,30,2023-05-25T05:19:33,2023-05-25T19:09:39,0.18,"Rain, Partially cloudy",Partly cloudy throughout the day with rain clearing later.,rain,"42114099999,42111099999,remote,42143099999"
haridwar,2023-05-26,34,19.1,25.9,33.3,19.1,26,17.2,60.8,3.9,100,25,rain,0,0,26.3,22.3,118.3,1005.4,57.6,16.4,297,25.7,9,30,2023-05-26T05:19:09,2023-05-26T19:10:14,0.21,"Rain, Partially cloudy",Partly cloudy throughout the day with rain.,rain,"42114099999,42111099999,remote,42143099999"
haridwar,2023-05-27,32.9,21.1,26,31.6,21.1,25.8,15.9,56.8,0.6,100,4.17,rain,0,0,13.7,13.3,196.7,1005.8,47.9,17.4,302.1,26.2,9,10,2023-05-27T05:18:47,2023-05-27T19:10:49,0.25,"Rain, Partially cloudy",Partly cloudy throughout the day with morning rain.,rain,"42114099999,42111099999,remote,42143099999"
haridwar,2023-05-28,36,20.2,28.6,34.5,20.2,28.3,14.5,45.6,0,0,0,,0,0,16.2,13,225.8,1005.8,17.8,18.6,312.8,27.1,9,30,2023-05-28T05:18:27,2023-05-28T19:11:23,0.28,Clear,Clear conditions throughout the day.,clear-day,"42114099999,42111099999,remote,42143099999"
haridwar,2023-05-29,36.2,23.1,28.6,34.4,23.1,28.3,14.9,46.4,0.1,100,4.17,rain,0,0,28.8,20.9,209.8,1007.5,76,16.9,288.4,25,9,10,2023-05-29T05:18:08,2023-05-29T19:11:57,0.31,"Rain, Partially cloudy",Partly cloudy throughout the day with early morning rain.,rain,"42114099999,42111099999,remote,42143099999"
haridwar,2023-05-30,36.6,21.1,27.5,35.6,21.1,27.4,16.6,55.5,26.6,100,12.5,rain,0,0,29.2,18.4,0.7,1008,65.2,16.9,207.8,18,9,10,2023-05-30T05:17:50,2023-05-30T19:12:30,0.34,"Rain, Partially cloudy",Partly cloudy throughout the day with rain.,rain,"42114099999,42111099999,remote,42143099999"
haridwar,2023-05-31,33.4,19.4,25.9,33.4,19.4,25.9,17.2,62.3,7,100,8.33,rain,0,0,44.6,31.7,178.3,1006.7,58.3,16.8,298.2,25.6,9,30,2023-05-31T05:17:34,2023-05-31T19:13:03,0.37,"Rain, Partially cloudy",Partly cloudy throughout the day with rain in the morning and afternoon.,rain,"42114099999,42111099999,remote,42143099999"
haridwar,2023-06-01,35.8,18.7,27.6,34.2,18.7,27.1,14.8,50.4,0,0,0,,0,0,25.9,23.8,317.3,1005.9,26.2,17.8,298.4,25.9,9,10,2023-06-01T05:17:19,2023-06-01T19:13:35,0.41,Partially cloudy,Partly cloudy throughout the day.,partly-cloudy-day,"42114099999,42111099999,remote,42143099999"
haridwar,2023-06-02,34.4,20.7,27.1,32.7,20.7,26.6,13.6,47.1,0.2,100,4.17,rain,0,0,19.4,19.4,288.4,1004.9,32.6,17,285.5,24.7,10,10,2023-06-02T05:17:05,2023-06-02T19:14:06,0.44,"Rain, Partially cloudy",Partly cloudy throughout the day with morning rain.,rain,"42114099999,42111099999,remote,42143099999"
haridwar,2023-06-03,37.7,19.9,28.7,35.5,19.9,28.1,12.8,41.6,0,0,0,,0,0,15.5,13.3,313.6,1004.9,2.6,16.9,321.8,27.9,10,10,2023-06-03T05:16:53,2023-06-03T19:14:37,0.47,Clear,Clear conditions throughout the day.,clear-day,"42114099999,42111099999,remote,42143099999"
haridwar,2023-06-04,37.4,21.9,30,35.5,21.9,29.5,13,38.7,0,0,0,,0,0,26.6,17.6,310.1,1003.9,72.1,17.1,223.5,19.3,9,10,2023-06-04T05:16:42,2023-06-04T19:15:07,0.5,Partially cloudy,Partly cloudy throughout the day.,partly-cloudy-day,"42114099999,42111099999,remote,42143099999"
haridwar,2023-06-05,39.3,21.1,30.4,37.4,21.1,29.7,12.9,38.7,3,100,4.17,rain,0,0,45,25.2,6.9,1003.2,51.8,17.8,295.7,25.7,10,10,2023-06-05T05:16:33,2023-06-05T19:15:37,0.54,"Rain, Partially cloudy",Partly cloudy throughout the day with late afternoon rain.,rain,"42114099999,42111099999,remote,42143099999"
haridwar,2023-06-06,38.9,20.7,29.4,36.6,20.7,28.7,13,41.6,0.1,100,4.17,rain,0,0,42.5,21.2,330.1,1002.7,20.8,17,320,27.7,10,10,2023-06-06T05:16:25,2023-06-06T19:16:05,0.58,"Rain, Partially cloudy",Partly cloudy throughout the day with early morning rain.,rain,"42114099999,42111099999,remote,42143099999"
haridwar,2023-06-07,39.5,21.2,30.9,37,21.2,30,11.3,33.3,0,0,0,,0,0,28.4,25.6,322.6,1002.5,8.7,17.9,321,27.8,10,10,2023-06-07T05:16:19,2023-06-07T19:16:33,0.61,Clear,Clear conditions throughout the day.,clear-day,"42114099999,42111099999,remote,42143099999"
haridwar,2023-06-08,39.8,21.7,31.5,37.2,21.7,30.4,10.7,31.2,0,0,0,,0,0,17.6,20.2,306.5,1001.6,5.8,16.8,322,28,10,10,2023-06-08T05:16:14,2023-06-08T19:17:00,0.65,Clear,Clear conditions throughout the day.,clear-day,"42114099999,42111099999,remote,42143099999"
haridwar,2023-06-09,42,21.7,32.3,39.4,21.7,31.1,10.2,30,0,0,0,,0,0,22,15.5,307.1,998.7,3.1,16.9,321.6,27.8,10,10,2023-06-09T05:16:10,2023-06-09T19:17:27,0.68,Clear,Clear conditions throughout the day.,clear-day,"42114099999,42111099999,remote,42143099999"
haridwar,2023-06-10,43.3,23.4,33.6,40.4,23.4,32.6,11.4,29.9,0,0,0,,0,0,34.2,17.6,300.2,997.2,8.1,17.8,320.9,27.8,10,10,2023-06-10T05:16:07,2023-06-10T19:17:52,0.72,Clear,Clear conditions throughout the day.,clear-day,"42114099999,42111099999,remote,42143099999"
haridwar,2023-06-11,41.7,25.4,32.8,41.2,25.4,32.7,15.2,37.2,0,0,0,,0,0,29.9,29.5,295.3,997.1,24.2,17.7,312.9,27.1,9,10,2023-06-11T05:16:06,2023-06-11T19:18:16,0.75,Partially cloudy,Clearing in the afternoon.,partly-cloudy-day,"42114099999,42111099999,remote,42143099999"
haridwar,2023-06-12,42.6,23.7,33.2,41.5,23.7,33.4,15.8,39,0,0,0,,0,0,34.6,26.6,295.5,996.1,7,16.8,315.3,27.2,9,10,2023-06-12T05:16:07,2023-06-12T19:18:40,0.79,Clear,Clear conditions throughout the day.,clear-day,"42114099999,42111099999,remote,42143099999"
haridwar,2023-06-13,43.4,25.7,34.2,43.4,25.7,34.1,14.8,35.7,0,0,0,,0,0,42.5,32.8,303.6,995.7,12.9,17.7,319.3,27.4,10,10,2023-06-13T05:16:08,2023-06-13T19:19:02,0.82,Clear,Clear conditions throughout the day.,clear-day,"42114099999,42111099999,remote,42143099999"
haridwar,2023-06-14,42.2,25.2,33.5,41.7,25.2,33.3,14.9,34.8,0.1,100,4.17,rain,0,0,57.2,35.3,295.3,996.4,27.7,16.8,313.4,27.2,9,10,2023-06-14T05:16:11,2023-06-14T19:19:24,0.86,"Rain, Partially cloudy",Partly cloudy throughout the day with early morning rain.,rain,"42114099999,42111099999,remote,42143099999"
haridwar,2023-06-15,40.3,24.4,31.8,39.3,24.4,31.9,15.9,41.1,0,0,0,,0,0,38.9,32.8,294.4,998.5,30,18.7,311.3,27,9,10,2023-06-15T05:16:16,2023-06-15T19:19:44,0.9,Partially cloudy,Partly cloudy throughout the day.,partly-cloudy-day,"42114099999,42111099999,remote,42143099999"
haridwar,2023-06-16,40.4,23.9,31.6,40.2,23.9,32.1,16.3,42.4,0,0,0,,0,0,36.4,29.2,290.7,998.5,41.1,16.8,308.9,26.6,9,10,2023-06-16T05:16:21,2023-06-16T19:20:04,0.93,Partially cloudy,Partly cloudy throughout the day.,partly-cloudy-day,"42114099999,42111099999,remote,42143099999"
haridwar,2023-06-17,40.3,25.4,32.5,40.5,25.4,33.4,17.8,44.3,0.1,100,4.17,rain,0,0,19.8,24.5,263.8,998.8,39.2,17.7,302.8,26.2,9,10,2023-06-17T05:16:28,2023-06-17T19:20:22,0.97,"Rain, Partially cloudy",Partly cloudy throughout the day with late afternoon rain.,rain,"42114099999,42111099999,remote,42143099999"
haridwar,2023-06-18,34.6,23.6,29.7,35.7,23.6,30.6,18.9,54.3,2.2,100,8.33,rain,0,0,39.6,24.5,36.9,1000.5,75.2,17.5,140.3,12,6,10,2023-06-18T05:16:36,2023-06-18T19:20:39,0,"Rain, Partially cloudy",Partly cloudy throughout the day with morning rain.,rain,"42114099999,42111099999,remote,42143099999"
haridwar,2023-06-19,40.3,23.1,29.2,42.1,23.1,30.2,19.2,57.8,17,100,8.33,rain,0,0,23.4,14,61.8,999.4,52.5,17.8,224.3,19.6,9,10,2023-06-19T05:16:46,2023-06-19T19:20:55,0.04,"Rain, Partially cloudy",Partly cloudy throughout the day with afternoon rain.,rain,"42114099999,42111099999,remote,42143099999"
haridwar,2023-06-20,38.2,25.1,30.1,41,25.1,32.2,21.3,61.7,2,100,4.17,rain,0,0,36.7,27.7,69.4,998.6,72.1,16.9,205.6,17.6,9,10,2023-06-20T05:16:56,2023-06-20T19:21:10,0.07,"Rain, Partially cloudy",Partly cloudy throughout the day with afternoon rain.,rain,"42114099999,42111099999,remote,42143099999"
haridwar,2023-06-21,38.7,25.4,31.3,41.3,25.4,33.8,21.5,59.2,3,100,4.17,rain,0,0,10.1,12.6,239.8,999.7,25.1,17.8,300,26.1,9,10,2023-06-21T05:17:08,2023-06-21T19:21:24,0.1,"Rain, Partially cloudy",Partly cloudy throughout the day with early morning rain.,rain,"42114099999,42111099999,remote,42143099999"
haridwar,2023-06-22,33.2,24.5,29.2,39.1,24.5,32.7,23.6,73.2,52,100,12.5,rain,0,0,15.1,10.1,55.4,999.9,64,14.7,156.2,13.6,8,30,2023-06-22T05:17:21,2023-06-22T19:21:36,0.13,"Rain, Partially cloudy",Partly cloudy throughout the day with rain clearing later.,rain,"42114099999,42111099999,remote,42143099999"
haridwar,2023-06-23,37.5,25.7,30.9,42.7,25.7,35.2,23.6,66.9,9,100,4.17,rain,0,0,18,15.8,108.3,1000,48.3,17.7,221.4,19.2,9,60,2023-06-23T05:17:35,2023-06-23T19:21:48,0.17,"Rain, Partially cloudy",Partly cloudy throughout the day with early morning rain.,rain,"42114099999,42111099999,remote,42143099999"
haridwar,2023-06-24,37.6,24.1,30.1,42.7,24.1,33.8,23.6,70.3,14.6,100,12.5,rain,0,0,13.3,14,92.6,999.5,70.2,16.8,188,16.4,8,60,2023-06-24T05:17:50,2023-06-24T19:21:58,0.2,"Rain, Partially cloudy",Partly cloudy throughout the day with rain clearing later.,rain,"42114099999,42111099999,remote,42143099999"
haridwar,2023-06-25,31.6,21.8,26.5,35.6,21.8,27.9,23,82,77.4,100,12.5,rain,0,0,20.2,17.6,93.8,1001.4,95.9,16,168.8,14.9,6,30,2023-06-25T05:18:06,2023-06-25T19:22:06,0.23,"Rain, Overcast",Cloudy skies throughout the day with rain in the morning and afternoon.,rain,"42114099999,42111099999,remote,42143099999"
haridwar,2023-06-26,33.8,23.9,27.9,37.5,23.9,29.3,21.8,71,5,100,8.33,rain,0,0,13.7,8.6,342.3,1001.8,73.6,17.9,277,23.8,9,10,2023-06-26T05:18:23,2023-06-26T19:22:14,0.25,"Rain, Partially cloudy",Partly cloudy throughout the day with rain in the morning and afternoon.,rain,"42114099999,42111099999,remote,42143099999"
haridwar,2023-06-27,33.4,24.7,28.3,37.6,24.7,30.2,22.8,73.8,0.4,100,4.17,rain,0,0,16.6,10.4,48.9,1000.8,69.8,16.9,217.9,18.8,7,30,2023-06-27T05:18:42,2023-06-27T19:22:20,0.3,"Rain, Partially cloudy",Partly cloudy throughout the day with afternoon rain.,rain,"42114099999,42111099999,remote,42143099999"
haridwar,2023-06-28,35.2,24.2,29.1,38.8,24.2,31.6,22.4,69.1,6,100,4.17,rain,0,0,11.5,10.4,94.8,1001.9,54,16.9,260.8,22.6,9,30,2023-06-28T05:19:01,2023-06-28T19:22:25,0.33,"Rain, Partially cloudy",Partly cloudy throughout the day with morning rain.,rain,"42114099999,42111099999,remote,42143099999"
haridwar,2023-06-29,34.7,24.9,28.7,38.6,24.9,31.5,23,72.9,6,100,8.33,rain,0,0,33.1,22.7,111.3,1001,50.9,15.2,254.2,21.9,9,30,2023-06-29T05:19:21,2023-06-29T19:22:28,0.36,"Rain, Partially cloudy",Partly cloudy throughout the day with rain in the morning and afternoon.,rain,"42114099999,42111099999,remote,42143099999"
haridwar,2023-06-30,28.5,25.1,26.3,31.7,25.1,27.2,22.8,81.2,18.7,100,12.5,rain,0,0,25.6,9,97.2,999.9,67.4,16.4,57,5.1,3,10,2023-06-30T05:19:43,2023-06-30T19:22:30,0.39,"Rain, Partially cloudy",Partly cloudy throughout the day with a chance of rain throughout the day.,rain,"42114099999,42111099999,remote,42143099999"
haridwar,2023-07-01,30.7,24.5,26.9,35,24.5,28.4,23.3,81.7,9,100,8.33,rain,0,0,32.4,16.6,174.2,1000.2,85,16.1,153.8,13.6,8,30,2023-07-01T05:20:05,2023-07-01T19:22:31,0.43,"Rain, Partially cloudy",Partly cloudy throughout the day with rain.,rain,"42114099999,42111099999,remote,42143099999"
haridwar,2023-07-02,36.6,24.6,28.8,38.7,24.6,30.7,22.6,72.5,11,100,8.33,rain,0,0,18.4,11.5,248.1,1000.7,42.7,16.8,297.5,25.8,9,10,2023-07-02T05:20:28,2023-07-02T19:22:30,0.46,"Rain, Partially cloudy",Partly cloudy throughout the day with rain.,rain,"42114099999,42111099999,remote,42143099999"
haridwar,2023-07-03,36.1,25.2,30.2,42.9,25.2,34.1,23.2,67.8,0.2,100,8.33,rain,0,0,13.7,9.4,99.9,999.9,46.8,16.9,203.3,17.6,9,30,2023-07-03T05:20:52,2023-07-03T19:22:28,0.5,"Rain, Partially cloudy",Partly cloudy throughout the day with rain in the morning and afternoon.,rain,"42114099999,42111099999,remote,42143099999"
haridwar,2023-07-04,34.6,23.1,29.6,39.5,23.1,33.3,23.3,69.9,16,100,4.17,rain,0,0,16.9,14.4,131.3,998.9,24.2,17.8,287,25.1,9,30,2023-07-04T05:21:17,2023-07-04T19:22:25,0.53,"Rain, Partially cloudy",Partly cloudy throughout the day with early morning rain.,rain,"42114099999,42111099999,remote,42143099999"
haridwar,2023-07-05,32.9,21.6,27.8,36.9,21.6,29.8,23,77.1,166,100,16.67,rain,0,0,31.3,26.3,142.3,999.7,70.1,16.2,239.5,21,8,10,2023-07-05T05:21:42,2023-07-05T19:22:20,0.56,"Rain, Partially cloudy",Partly cloudy throughout the day with a chance of rain throughout the day.,rain,"42114099999,42111099999,remote,42143099999"
haridwar,2023-07-06,33.2,23.1,27.8,36.3,23.1,29.4,22.2,73.6,10.2,100,8.33,rain,0,0,23.4,21.2,152,1001.4,82.1,16.4,267.8,23.2,9,10,2023-07-06T05:22:09,2023-07-06T19:22:14,0.6,"Rain, Partially cloudy",Partly cloudy throughout the day with morning rain.,rain,"42114099999,42111099999,remote,42143099999"
haridwar,2023-07-07,32.8,22.6,28,36,22.6,29.8,22.1,71.6,16,100,4.17,rain,0,0,28.1,25.2,144.1,1002,59.3,16.4,297.8,25.6,9,10,2023-07-07T05:22:36,2023-07-07T19:22:06,0.63,"Rain, Partially cloudy",Partly cloudy throughout the day with afternoon rain.,rain,"42114099999,42111099999,remote,42143099999"
haridwar,2023-07-08,31.6,23.1,25.8,35.4,23.1,26.5,23,85.4,17,100,16.67,rain,0,0,25.6,14,47.3,1002.8,94,13.4,89.8,7.7,7,10,2023-07-08T05:23:03,2023-07-08T19:21:57,0.67,"Rain, Overcast",Cloudy skies throughout the day with rain.,rain,"42114099999,42111099999,remote,42143099999"
haridwar,2023-07-09,26.7,22.1,23.8,26.7,22.1,23.8,22.9,94.5,61,100,25,rain,0,0,41,19.1,33.9,1002.3,100,8.3,26.8,2.2,2,10,2023-07-09T05:23:32,2023-07-09T19:21:46,0.7,"Rain, Overcast",Cloudy skies throughout the day with a chance of rain throughout the day.,rain,"42114099999,42111099999,remote,42143099999"
haridwar,2023-07-10,32.5,22.9,26.1,38.7,22.9,27.6,23.3,85.3,42,100,12.5,rain,0,0,35.3,18.4,46.6,1001.6,94.9,11,186,16.3,9,30,2023-07-10T05:24:01,2023-07-10T19:21:34,0.75,"Rain, Overcast",Cloudy skies throughout the day with rain.,rain,"42114099999,42111099999,remote,42143099999"
haridwar,2023-07-11,31.4,22.1,26.3,36.5,22.1,27.7,23.4,85.1,53,100,16.67,rain,0,0,13.3,11.9,29.2,1001.3,78.9,11.5,183.8,15.8,7,10,2023-07-11T05:24:31,2023-07-11T19:21:20,0.77,"Rain, Partially cloudy",Partly cloudy throughout the day with a chance of rain throughout the day.,rain,"42114099999,42111099999,remote,42143099999"
haridwar,2023-07-12,27.9,21.9,24.8,31.2,21.9,25.3,23,90.1,64,100,16.67,rain,0,0,22.3,12.2,38.2,1001.1,79,11.5,76.4,6.7,4,10,2023-07-12T05:25:01,2023-07-12T19:21:05,0.81,"Rain, Partially cloudy",Partly cloudy throughout the day with rain.,rain,"42114099999,42111099999,remote,42143099999"
haridwar,2023-07-13,28.9,22,25.3,33.1,22,26.3,23.2,88.4,16,100,12.5,rain,0,0,23,11.5,91.6,1001.8,76.3,13.7,160.2,13.7,5,10,2023-07-13T05:25:32,2023-07-13T19:20:49,0.84,"Rain, Partially cloudy",Partly cloudy throughout the day with rain clearing later.,rain,"42114099999,42111099999,remote,42143099999"
haridwar,2023-07-14,33,24.6,27.9,38.6,24.6,31,23.6,78.1,4,100,4.17,rain,0,0,12.6,10.4,185.9,1001.8,54,15.4,296.3,25.4,9,60,2023-07-14T05:26:03,2023-07-14T19:20:31,0.88,"Rain, Partially cloudy",Partly cloudy throughout the day with early morning rain.,rain,"42114099999,42111099999,remote,42143099999"
haridwar,2023-07-15,33.6,25.2,28,39.4,25.2,30.7,24.4,81.8,1,100,4.17,rain,0,0,25.6,13,125.4,1001.1,61,16.3,269.2,23.2,9,30,2023-07-15T05:26:35,2023-07-15T19:20:11,0.91,"Rain, Partially cloudy",Partly cloudy throughout the day with late afternoon rain.,rain,"42114099999,42111099999,remote,42143099999"
haridwar,2023-07-16,33.4,25.4,28.7,38.9,25.4,32,24.2,78,8,100,12.5,rain,0,0,24.5,11.2,141.1,1000.8,60.9,15.1,275.7,23.8,9,30,2023-07-16T05:27:07,2023-07-16T19:19:51,0.95,"Rain, Partially cloudy",Partly cloudy throughout the day with rain.,rain,"42114099999,42111099999,remote,42143099999"
haridwar,2023-07-17,34,25.4,29.3,40.1,25.4,33.3,24.1,74.5,61,100,12.5,rain,0,0,11.9,12.6,144.3,999.9,47.4,16.3,278.5,24.2,9,30,2023-07-17T05:27:40,2023-07-17T19:19:28,0.98,"Rain, Partially cloudy",Partly cloudy throughout the day with rain.,rain,"42114099999,42111099999,remote,42143099999"
haridwar,2023-07-18,31.6,22.9,27.4,38,22.9,29.8,24,82.4,28,100,12.5,rain,0,0,26.3,23.8,130,1000.7,74.3,15.5,261.7,22.5,9,30,2023-07-18T05:28:13,2023-07-18T19:19:05,0,"Rain, Partially cloudy",Partly cloudy throughout the day with rain clearing later.,rain,"42114099999,42111099999,remote,42143099999"
haridwar,2023-07-19,34.5,25.1,28.9,38.7,25.1,31.5,23.3,73.3,9,100,4.17,rain,0,0,10.8,8.6,85.4,1000.3,67.4,16.7,268.6,23.2,9,10,2023-07-19T05:28:46,2023-07-19T19:18:40,0.05,"Rain, Partially cloudy",Partly cloudy throughout the day with afternoon rain.,rain,"42114099999,42111099999,remote,42143099999"
haridwar,2023-07-20,36.1,26,30.2,41.4,26,34,23.1,67.4,6,100,4.17,rain,0,0,10.8,8.3,272,999.8,64.7,16.9,267.7,23.1,9,30,2023-07-20T05:29:20,2023-07-20T19:18:13,0.08,"Rain, Partially cloudy",Clearing in the afternoon with morning rain.,rain,"42114099999,42111099999,remote,42143099999"
haridwar,2023-07-21,36.6,26.9,30.6,42.4,29.9,35.3,23.7,68,0.4,100,4.17,rain,0,0,9.4,9.4,125.8,1001.1,80.7,16.8,293.5,25.3,9,30,2023-07-21T05:29:54,2023-07-21T19:17:45,0.12,"Rain, Partially cloudy",Partly cloudy throughout the day with afternoon rain.,rain,"42114099999,42111099999,remote"
haridwar,2023-07-22,34.8,23.6,29.3,39.2,23.6,32.4,23.2,71.7,0.6,100,4.17,rain,0,0,17.6,9.7,99.6,1004.6,87.4,16.5,263.5,22.8,9,10,2023-07-22T05:30:28,2023-07-22T19:17:16,0.15,"Rain, Partially cloudy",Partly cloudy throughout the day with morning rain.,rain,"42114099999,42111099999,remote,42143099999"
haridwar,2023-07-23,33.1,25.4,28.8,38.9,25.4,31.3,23.1,72.8,53,100,8.33,rain,0,0,13,10.1,77.9,1004.7,94.1,15.6,241.4,20.9,8,30,2023-07-23T05:31:03,2023-07-23T19:16:45,0.18,"Rain, Overcast",Cloudy skies throughout the day with rain.,rain,"42114099999,42111099999,remote,42143099999"
haridwar,2023-07-24,34.3,25.3,29.1,39.9,25.3,32.3,23.6,73.6,1,100,4.17,rain,0,0,11.9,11.2,123.4,1002.1,38.8,16.3,291.5,25,9,30,2023-07-24T05:31:38,2023-07-24T19:16:13,0.22,"Rain, Partially cloudy",Partly cloudy throughout the day with afternoon rain.,rain,"42114099999,42111099999,remote,42143099999"
haridwar,2023-07-25,32.2,25.7,28.4,39.1,25.7,31.6,24,77,5.2,100,25,rain,0,0,23,18.4,139,1002.2,79.6,14.5,250,21.6,8,30,2023-07-25T05:32:13,2023-07-25T19:15:40,0.25,"Rain, Partially cloudy",Partly cloudy throughout the day with rain.,rain,"42114099999,42111099999,remote,42143099999"
haridwar,2023-07-26,30,22.9,26.3,35.6,22.9,27.8,24,87.8,71.4,100,16.67,rain,0,0,14.8,10.8,137.7,1003.9,95.7,12.8,154.8,13.4,8,30,2023-07-26T05:32:48,2023-07-26T19:15:05,0.25,"Rain, Overcast",Cloudy skies throughout the day with rain clearing later.,rain,"42114099999,42111099999,remote,42143099999"
haridwar,2023-07-27,33.1,24.9,27.7,39,24.9,30.3,23.9,81,14,100,4.17,rain,0,0,10.8,9,103.2,1002.5,73.5,16.4,262.8,22.7,9,30,2023-07-27T05:33:23,2023-07-27T19:14:29,0.32,"Rain, Partially cloudy",Partly cloudy throughout the day with afternoon rain.,rain,"42114099999,42111099999,remote,42143099999"
haridwar,2023-07-28,28.9,24.3,26,33.7,24.3,26.8,24,89.1,0.1,100,4.17,rain,0,0,13.7,9.4,92.9,1000.4,93.8,12,49,4.3,3,10,2023-07-28T05:33:59,2023-07-28T19:13:51,0.35,"Rain, Overcast",Cloudy skies throughout the day with afternoon rain.,rain,"42114099999,42111099999,remote,42143099999"
haridwar,2023-07-29,27.5,23.7,25.3,30.6,23.7,25.7,22.9,87.1,49.9,100,8.33,rain,0,0,23.4,13,55.9,1000.2,74.5,13.3,134.8,11.8,4,10,2023-07-29T05:34:34,2023-07-29T19:13:12,0.38,"Rain, Partially cloudy",Partly cloudy throughout the day with early morning rain.,rain,"42114099999,42111099999,remote,42143099999"
haridwar,2023-07-30,32.9,23.7,27.5,38.3,23.7,29.9,22.5,75.2,32,100,8.33,rain,0,0,15.8,11.9,330.9,998.9,25.4,16.8,291.7,25.1,9,30,2023-07-30T05:35:10,2023-07-30T19:12:32,0.42,"Rain, Partially cloudy",Partly cloudy throughout the day with afternoon rain.,rain,"42114099999,42111099999,remote,42143099999"
haridwar,2023-07-31,34.4,25.4,28.8,40.7,25.4,31.9,24.1,76.9,11,100,8.33,rain,0,0,19.1,11.9,322,997.4,23.8,17.6,289.3,25,9,30,2023-07-31T05:35:46,2023-07-31T19:11:51,0.45,"Rain, Partially cloudy",Partly cloudy throughout the day with rain.,rain,"42114099999,42111099999,remote,42143099999"
haridwar,2023-08-01,34.6,26.1,29.5,41,26.1,33.8,24.3,74.8,0.1,100,4.17,rain,0,0,20.5,13.7,300.7,996.3,31.5,16.7,289,25.1,9,30,2023-08-01T05:36:22,2023-08-01T19:11:08,0.48,"Rain, Partially cloudy",Partly cloudy throughout the day with morning rain.,rain,"42114099999,42111099999,remote,42143099999"
haridwar,2023-08-02,34.5,25.9,28.7,41,25.9,32.7,24.3,78.5,1,100,4.17,rain,0,0,11.5,9.4,50.6,997.3,76,16.4,225.5,19.5,9,30,2023-08-02T05:36:57,2023-08-02T19:10:25,0.5,"Rain, Partially cloudy",Partly cloudy throughout the day with morning rain.,rain,"42114099999,42111099999,remote,42143099999"
haridwar,2023-08-03,33,25.1,28.6,40.3,25.1,32.4,24.5,79.8,31,100,8.33,rain,0,0,9.4,10.1,316.5,997.5,55.3,16,246.5,21.3,9,30,2023-08-03T05:37:33,2023-08-03T19:09:40,0.55,"Rain, Partially cloudy",Partly cloudy throughout the day with rain.,rain,"42114099999,42111099999,remote,42143099999"
haridwar,2023-08-04,28.6,24.3,26.6,33.7,24.3,28.5,24.5,88.8,7,100,8.33,rain,0,0,24.5,12.6,97.7,1000.4,81.7,11,88.1,7.6,3,30,2023-08-04T05:38:09,2023-08-04T19:08:53,0.59,"Rain, Partially cloudy",Partly cloudy throughout the day with morning rain.,rain,"42114099999,42111099999,remote,42143099999"
haridwar,2023-08-05,31.4,24.4,27.1,38.3,24.4,29.6,24.6,86.9,60,100,8.33,rain,0,0,10.8,11.5,117.4,1001.8,59.8,14.4,261.5,22.7,8,30,2023-08-05T05:38:45,2023-08-05T19:08:06,0.62,"Rain, Partially cloudy",Partly cloudy throughout the day with rain.,rain,"42114099999,42111099999,remote,42143099999"
haridwar,2023-08-06,32.4,24.6,27.1,38.8,24.6,29.3,24.4,86,40,100,8.33,rain,0,0,15.5,8.6,95.9,999,65.6,11.5,238.5,20.8,9,30,2023-08-06T05:39:21,2023-08-06T19:07:17,0.65,"Rain, Partially cloudy",Partly cloudy throughout the day with rain.,rain,"42114099999,42111099999,remote,42143099999"
haridwar,2023-08-07,32.1,24.5,27.4,38.9,24.5,29.9,23.9,82.1,2,100,4.17,rain,0,0,23.8,16.6,314.5,996.3,40.9,15.4,274.5,23.8,9,30,2023-08-07T05:39:56,2023-08-07T19:06:28,0.69,"Rain, Partially cloudy",Partly cloudy throughout the day with late afternoon rain.,rain,"42114099999,42111099999,remote,42143099999"
haridwar,2023-08-08,32.4,24.8,27.7,40.3,24.8,30.5,24.3,82.2,20,100,8.33,rain,0,0,20.5,13.3,290.5,996.9,75.4,15.2,245,21.2,9,30,2023-08-08T05:40:32,2023-08-08T19:05:37,0.75,"Rain, Partially cloudy",Partly cloudy throughout the day with rain.,rain,"42114099999,42111099999,remote,42143099999"
haridwar,2023-08-09,31.5,25.5,27.3,37.7,25.5,29.4,24.4,84.7,15,100,8.33,rain,0,0,11.2,8.3,102.8,1000.8,74.9,12.7,219.5,19.1,8,30,2023-08-09T05:41:08,2023-08-09T19:04:45,0.76,"Rain, Partially cloudy",Partly cloudy throughout the day with late afternoon rain.,rain,"42114099999,42111099999,remote,42143099999"
haridwar,2023-08-10,31.7,24.7,26.9,37.9,24.7,29,24.3,86.5,3.6,100,8.33,rain,0,0,7.6,6.1,131.4,1003.4,86.5,14.9,195.6,17,8,30,2023-08-10T05:41:43,2023-08-10T19:03:52,0.79,"Rain, Partially cloudy",Partly cloudy throughout the day with morning rain.,rain,"42114099999,42111099999,remote,42143099999"
haridwar,2023-08-11,30.3,24.4,26.7,36.3,24.4,28.8,24.4,87.6,39.4,100,16.67,rain,0,0,16.9,12.2,344,1003,73.2,14.9,141.1,12.2,6,30,2023-08-11T05:42:19,2023-08-11T19:02:58,0.82,"Rain, Partially cloudy",Partly cloudy throughout the day with rain.,rain,"42114099999,42111099999,remote,42143099999"
haridwar,2023-08-12,31.4,25.1,27.3,38.6,25.1,29.7,24.7,86,18,100,12.5,rain,0,0,21.6,12.6,308.8,1000.4,76.7,13,224.9,19.4,8,30,2023-08-12T05:42:54,2023-08-12T19:02:03,0.86,"Rain, Partially cloudy",Partly cloudy throughout the day with rain.,rain,"42114099999,42111099999,remote,42143099999"
haridwar,2023-08-13,30.5,23.7,26.7,36.5,23.7,28.5,24.3,86.8,38,100,16.67,rain,0,0,21.2,10.8,183,999.1,90,11.4,180,15.3,7,30,2023-08-13T05:43:29,2023-08-13T19:01:07,0.89,"Rain, Partially cloudy",Partly cloudy throughout the day with a chance of rain throughout the day.,rain,"42114099999,42111099999,remote,42143099999"
haridwar,2023-08-14,26.1,21.7,24.2,26.1,21.7,24.2,23,92.9,145,100,16.67,rain,0,0,36.7,14.8,123.3,1004.3,99.8,13.3,47.5,4.1,3,10,2023-08-14T05:44:04,2023-08-14T19:00:10,0.93,"Rain, Overcast",Cloudy skies throughout the day with rain clearing later.,rain,"42114099999,42111099999,remote,42143099999"
haridwar,2023-08-15,31.3,23.6,26.8,36.4,23.6,28.4,23.2,81.6,25,100,4.17,rain,0,0,9.4,7.6,218.3,1003.7,64.6,16.8,268.2,22.9,9,30,2023-08-15T05:44:39,2023-08-15T18:59:12,0.96,"Rain, Partially cloudy",Partly cloudy throughout the day with late afternoon rain.,rain,"42114099999,42111099999,remote,42143099999"
haridwar,2023-08-16,32.5,24.3,27.9,39.1,24.3,31.3,24.1,80.3,1.1,100,20.83,rain,0,0,21.6,12.6,326.2,1002.6,62.6,15.2,271.5,23.3,9,60,2023-08-16T05:45:14,2023-08-16T18:58:13,0,"Rain, Partially cloudy",Partly cloudy throughout the day with rain.,rain,"42114099999,42111099999,remote,42143099999"
haridwar,2023-08-17,33.3,25,28.2,40,25,31.6,24.2,79.6,17,100,12.5,rain,0,0,20.5,15.1,322.2,1002,47.2,17.1,262.6,22.6,9,60,2023-08-17T05:45:49,2023-08-17T18:57:14,0.03,"Rain, Partially cloudy",Partly cloudy throughout the day with rain.,rain,"42114099999,42111099999,remote,42143099999"
haridwar,2023-08-18,33.4,23.7,28.2,41.1,23.7,31.3,23.9,78.6,82.2,100,16.67,rain,0,0,9.4,10.4,345.7,1002.4,62.7,16.7,267,22.9,9,60,2023-08-18T05:46:23,2023-08-18T18:56:13,0.06,"Rain, Partially cloudy",Partly cloudy throughout the day with rain clearing later.,rain,"42114099999,42111099999,remote,42143099999"
haridwar,2023-08-19,32.9,25,28.6,40.3,25,32.2,24.1,77.5,22,100,4.17,rain,0,0,11.2,10.1,120.4,1003.5,53.7,16.8,263.6,22.7,8,60,2023-08-19T05:46:58,2023-08-19T18:55:11,0.1,"Rain, Partially cloudy",Partly cloudy throughout the day with late afternoon rain.,rain,"42114099999,42111099999,remote,42143099999"
haridwar,2023-08-20,31.9,25.4,28.1,40.2,25.4,32.2,24.8,82.6,4,100,8.33,rain,0,0,13,12.2,109.2,1003.9,46.7,14,267.8,23.3,9,60,2023-08-20T05:47:32,2023-08-20T18:54:09,0.13,"Rain, Partially cloudy",Partly cloudy throughout the day with rain.,rain,"42114099999,42111099999,remote,42143099999"
haridwar,2023-08-21,32.3,24.4,27.6,39.5,24.4,30.1,24.6,84.5,132,100,20.83,rain,0,0,9.4,8.3,80.5,1002.8,87.4,14,253.5,21.9,9,30,2023-08-21T05:48:06,2023-08-21T18:53:06,0.17,"Rain, Partially cloudy",Partly cloudy throughout the day with rain.,rain,"42114099999,42111099999,remote,42143099999"
haridwar,2023-08-22,31.2,23.9,26.6,38.7,23.9,28.6,24.8,90.1,39,100,8.33,rain,0,0,24.1,12.2,137.8,1000.8,96.3,12.6,207.7,17.8,7,30,2023-08-22T05:48:40,2023-08-22T18:52:02,0.2,"Rain, Overcast",Cloudy skies throughout the day with rain clearing later.,rain,"42114099999,42111099999,remote,42143099999"
haridwar,2023-08-23,26.3,22.8,24.6,26.3,22.8,24.6,24.1,97.3,18,100,12.5,rain,0,0,33.1,17.3,138.8,1000.3,99,9.2,19.8,1.7,1,30,2023-08-23T05:49:14,2023-08-23T18:50:58,0.23,"Rain, Overcast",Cloudy skies throughout the day with a chance of rain throughout the day.,rain,"42114099999,42111099999,remote,42143099999"
haridwar,2023-08-24,30.1,22.9,26,35.8,22.9,27.3,23.8,88.5,5.1,100,8.33,rain,0,0,13.3,9.4,238.3,998.8,89.1,15.8,197.8,17.1,7,30,2023-08-24T05:49:48,2023-08-24T18:49:52,0.25,"Rain, Partially cloudy",Partly cloudy throughout the day with rain.,rain,"42114099999,42111099999,remote,42143099999"
haridwar,2023-08-25,32.4,22.7,27.5,38.8,22.7,30,23.7,80.5,7.9,100,8.33,rain,0,0,17.6,12.6,296.2,998.4,60.4,15.9,261.2,22.5,9,60,2023-08-25T05:50:22,2023-08-25T18:48:46,0.3,"Rain, Partially cloudy",Partly cloudy throughout the day with rain.,rain,"42114099999,42111099999,remote,42143099999"
haridwar,2023-08-26,32.9,23.1,27.3,38.9,23.1,29.4,22.9,77.7,3,100,4.17,rain,0,0,19.1,11.9,8.4,1000.1,38.9,16.8,258.9,22.4,9,60,2023-08-26T05:50:55,2023-08-26T18:47:39,0.34,"Rain, Partially cloudy",Partly cloudy throughout the day with early morning rain.,rain,"42114099999,42111099999,remote,42143099999"
haridwar,2023-08-27,32.1,22.9,26.7,37.6,22.9,28.4,22.6,79,2.5,100,20.83,rain,0,0,23.4,17.3,323.3,1000,20.3,15.9,268.3,23.1,9,30,2023-08-27T05:51:28,2023-08-27T18:46:32,0.37,"Rain, Partially cloudy",Partly cloudy throughout the day with rain.,rain,"42114099999,42111099999,remote,42143099999"
haridwar,2023-08-28,31.7,22.3,26.3,36.6,22.3,27.8,22.3,79.5,3,100,4.17,rain,0,0,22.3,14.8,322.4,1000.1,22.3,16.7,268.5,23,9,30,2023-08-28T05:52:01,2023-08-28T18:45:24,0.4,"Rain, Partially cloudy",Partly cloudy throughout the day with early morning rain.,rain,"42114099999,42111099999,remote,42143099999"
haridwar,2023-08-29,32.2,22.8,26.8,36.1,22.8,28.3,21.8,75.1,0,0,0,,0,0,18.7,12.2,326,1002.2,12.8,16.9,270.5,23.2,9,60,2023-08-29T05:52:35,2023-08-29T18:44:15,0.44,Clear,Clear conditions throughout the day.,clear-day,"42114099999,42111099999,remote,42143099999"
haridwar,2023-08-30,31.8,23.1,27.2,35.9,23.1,29.2,22.2,74.7,0,0,0,,0,0,13.7,10.8,317.2,1003.8,9.6,16.8,267.8,23,9,30,2023-08-30T05:53:07,2023-08-30T18:43:06,0.47,Clear,Clear conditions throughout the day.,clear-day,"42114099999,42111099999,remote,42143099999"
haridwar,2023-08-31,32.4,23.9,27.7,37.7,23.9,30.3,23.3,77.8,0,0,0,,0,0,13.3,11.2,270,1004.9,22.7,16.7,264.1,22.9,9,60,2023-08-31T05:53:40,2023-08-31T18:41:57,0.5,Partially cloudy,Partly cloudy throughout the day.,partly-cloudy-day,"42114099999,42111099999,remote,42143099999"
haridwar,2023-09-01,32.8,24.9,28.4,38,24.9,31.2,23.4,75.2,0,0,0,,0,0,18,14.8,316.5,1004.6,24.8,16.8,261.3,22.5,9,60,2023-09-01T05:54:13,2023-09-01T18:40:46,0.54,Partially cloudy,Partly cloudy throughout the day.,partly-cloudy-day,"42114099999,42111099999,remote,42143099999"
haridwar,2023-09-02,33.5,24.9,28.2,38.5,24.9,30.7,22.9,74,0,0,0,,0,0,26.6,19.8,303.4,1002.9,23.7,16.6,261.2,22.6,9,30,2023-09-02T05:54:46,2023-09-02T18:39:36,0.57,Partially cloudy,Partly cloudy throughout the day.,partly-cloudy-day,"42114099999,42111099999,remote,42143099999"
haridwar,2023-09-03,33.5,24.6,28.1,38.3,24.6,30.6,22.6,73,0,0,0,,0,0,24.1,13.7,317.9,1002.1,16.3,17.7,258.9,22.2,8,60,2023-09-03T05:55:18,2023-09-03T18:38:24,0.61,Clear,Clear conditions throughout the day.,clear-day,"42114099999,42111099999,remote,42143099999"
haridwar,2023-09-04,33.4,24.8,28.3,38.6,24.8,30.8,22.7,72.7,0.1,100,4.17,rain,0,0,6.8,7.6,293.3,1001.7,16.2,16.8,258.5,22.3,8,60,2023-09-04T05:55:51,2023-09-04T18:37:13,0.64,Rain,Clear conditions throughout the day with afternoon rain.,rain,"42114099999,42111099999,remote,42143099999"
haridwar,2023-09-05,33.9,22.7,28.4,38.9,22.7,30.8,22.1,69.6,0.1,100,4.17,rain,0,0,7.6,6.8,343.5,1003.3,16.3,16.7,256.8,22.1,8,75,2023-09-05T05:56:23,2023-09-05T18:36:01,0.67,Rain,Clear conditions throughout the day with late afternoon rain.,rain,"42114099999,42111099999,remote,42143099999"
haridwar,2023-09-06,31.7,24.1,27.6,36.9,24.1,29.2,21.7,71.3,0.3,100,4.17,rain,0,0,13.3,9.4,60.3,1004.3,37.6,16.7,140.8,12.1,4,30,2023-09-06T05:56:55,2023-09-06T18:34:48,0.71,"Rain, Partially cloudy",Partly cloudy throughout the day with early morning rain.,rain,"42114099999,42111099999,remote,42143099999"
haridwar,2023-09-07,33.9,24.8,27.8,40.5,24.8,29.4,20.6,65.4,0,0,0,,0,0,9.4,10.1,12.6,1003.8,37.1,16.8,145.1,12.5,8,5,2023-09-07T05:57:27,2023-09-07T18:33:36,0.75,Partially cloudy,Partly cloudy throughout the day.,partly-cloudy-day,"42114099999,42111099999,remote,42143099999"
haridwar,2023-09-08,32.2,24.2,27.2,35.3,24.2,28.8,21.4,71.4,9.1,100,8.33,rain,0,0,16.2,16.9,111.8,1004.3,58.4,16.7,217.5,18.8,8,30,2023-09-08T05:57:59,2023-09-08T18:32:23,0.77,"Rain, Partially cloudy",Partly cloudy throughout the day with rain.,rain,"42114099999,42111099999,remote,42143099999"
haridwar,2023-09-09,29.7,23.1,25.4,33.2,23.1,25.9,22,81.7,13,100,8.33,rain,0,0,15.8,14.4,118.1,1004.1,86.4,17.4,137.4,11.9,7,10,2023-09-09T05:58:32,2023-09-09T18:31:09,0.81,"Rain, Partially cloudy",Partly cloudy throughout the day with rain.,rain,"42114099999,42111099999,remote,42143099999"
haridwar,2023-09-10,29,21.9,24.7,32.4,21.9,25.2,22,85.3,8,100,4.17,rain,0,0,10.4,11.9,154.2,1002.5,76.9,15.2,171.3,14.6,7,10,2023-09-10T05:59:04,2023-09-10T18:29:55,0.84,"Rain, Partially cloudy",Partly cloudy throughout the day with early morning rain.,rain,"42114099999,42111099999,remote,42143099999"
haridwar,2023-09-11,31.5,22.5,26.3,35.5,22.5,27.6,22,78.7,36,100,8.33,rain,0,0,10.1,8.3,225.1,1002,49.3,16.8,240.4,20.8,8,30,2023-09-11T05:59:36,2023-09-11T18:28:42,0.87,"Rain, Partially cloudy",Partly cloudy throughout the day with rain.,rain,"42114099999,42111099999,remote,42143099999"
haridwar,2023-09-12,32.6,24.2,27.7,38.6,24.2,30.6,23.6,79.1,0.1,100,4.17,rain,0,0,9.7,10.1,315.9,1001.8,27.9,16.6,244.3,21.2,8,60,2023-09-12T06:00:08,2023-09-12T18:27:27,0.91,"Rain, Partially cloudy",Partly cloudy throughout the day with late afternoon rain.,rain,"42114099999,42111099999,remote,42143099999"
haridwar,2023-09-13,32,24.9,27.9,38,24.9,31,24.3,81.5,36.9,100,16.67,rain,0,0,7.6,7.2,51.9,1002.3,73,16.1,216.7,18.6,8,60,2023-09-13T06:00:40,2023-09-13T18:26:13,0.94,"Rain, Partially cloudy",Partly cloudy throughout the day with rain.,rain,"42114099999,42111099999,remote,42143099999"
haridwar,2023-09-14,33.8,25.6,28.3,39.7,25.6,31,24,78.6,12.4,100,8.33,rain,0,0,7.6,7.9,83.2,1003.2,67,16.2,238.2,20.3,8,60,2023-09-14T06:01:12,2023-09-14T18:24:58,0.97,"Rain, Partially cloudy",Partly cloudy throughout the day with rain clearing later.,rain,"42114099999,42111099999,remote,42143099999"
haridwar,2023-09-15,30.9,22.5,26.6,35.9,22.5,28.1,23.4,83.5,61.6,100,12.5,rain,0,0,9,7.2,110.9,1004.8,68.6,16.4,164.3,14.2,5,60,2023-09-15T06:01:44,2023-09-15T18:23:44,0,"Rain, Partially cloudy",Partly cloudy throughout the day with rain clearing later.,rain,"42114099999,42111099999,remote,42143099999"
haridwar,2023-09-16,30.5,23.9,26.7,35.7,23.9,28.4,23.3,82.1,2.4,100,12.5,rain,0,0,13.7,7.6,112,1004.8,74.6,16.9,158.2,13.8,5,60,2023-09-16T06:02:16,2023-09-16T18:22:29,0.04,"Rain, Partially cloudy",Partly cloudy throughout the day with rain in the morning and afternoon.,rain,"42114099999,42111099999,remote,42143099999"
haridwar,2023-09-17,30.2,24.1,26.6,33.7,24.1,27.7,23,81.4,0.5,100,8.33,rain,0,0,20.9,12.2,358.6,1003.4,86.7,16.5,156.7,13.6,7,30,2023-09-17T06:02:48,2023-09-17T18:21:14,0.08,"Rain, Partially cloudy",Partly cloudy throughout the day with rain.,rain,"42114099999,42111099999,remote,42143099999"
haridwar,2023-09-18,31.4,23.4,26.8,35.1,23.4,28.1,22.5,78.7,0.9,100,4.17,rain,0,0,18,13.7,113.7,1004,24,16,236.3,20.3,8,30,2023-09-18T06:03:20,2023-09-18T18:19:59,0.11,"Rain, Partially cloudy",Partly cloudy throughout the day with late afternoon rain.,rain,"42114099999,42111099999,remote,42143099999"
haridwar,2023-09-19,32.4,23.6,27.6,36.4,23.6,29.8,22.5,74.9,0.4,100,12.5,rain,0,0,7.9,7.9,72.1,1005.9,20.5,18.9,232.8,20.1,8,30,2023-09-19T06:03:52,2023-09-19T18:18:44,0.15,"Rain, Partially cloudy",Partly cloudy throughout the day with rain.,rain,"42114099999,42111099999,remote,42143099999"
haridwar,2023-09-20,32.2,24.3,27.6,36.6,24.3,29.5,22.6,75.1,0.2,100,4.17,rain,0,0,9.4,8.6,38,1005.8,27.9,17.3,232.4,20.1,8,30,2023-09-20T06:04:25,2023-09-20T18:17:29,0.18,"Rain, Partially cloudy",Partly cloudy throughout the day with late afternoon rain.,rain,"42114099999,42111099999,remote,42143099999"
haridwar,2023-09-21,32.6,23.7,27.4,37.1,23.7,29.6,22.6,76.5,2.1,100,12.5,rain,0,0,14.8,11.2,33.4,1004.9,31.6,16.7,231.2,19.9,8,60,2023-09-21T06:04:57,2023-09-21T18:16:14,0.22,"Rain, Partially cloudy",Partly cloudy throughout the day with rain.,rain,"42114099999,42111099999,remote,42143099999"
haridwar,2023-09-22,32.2,23.4,26.6,35.7,23.4,27.9,22.2,78.1,11,100,8.33,rain,0,0,9,8.3,99.8,1005.1,51.2,16.4,233.5,20.2,8,30,2023-09-22T06:05:29,2023-09-22T18:14:59,0.25,"Rain, Partially cloudy",Partly cloudy throughout the day with rain.,rain,"42114099999,42111099999,remote,42143099999"
haridwar,2023-09-23,31.1,22.7,26.2,34.2,22.7,27.4,22.2,79.8,1.4,100,20.83,rain,0,0,9,9.4,104.1,1005.9,30.3,16.4,222.1,19.2,8,30,2023-09-23T06:06:02,2023-09-23T18:13:44,0.25,"Rain, Partially cloudy",Partly cloudy throughout the day with a chance of rain throughout the day.,rain,"42114099999,42111099999,remote,42143099999"
haridwar,2023-09-24,30.8,22.4,25.7,33.8,22.4,26.8,21.5,78.3,0,0,0,,0,0,13.3,10.4,343.4,1005.5,19.1,16.7,231.7,20.1,8,30,2023-09-24T06:06:35,2023-09-24T18:12:29,0.32,Clear,Clear conditions throughout the day.,clear-day,"42114099999,42111099999,remote,42143099999"
haridwar,2023-09-25,31,21.9,25.9,33.7,21.9,27,21.2,76.4,0,0,0,,0,0,10.1,8.3,93.1,1006.2,10,16.8,231,19.8,8,30,2023-09-25T06:07:08,2023-09-25T18:11:15,0.36,Clear,Clear conditions throughout the day.,clear-day,"42114099999,42111099999,remote,42143099999"
haridwar,2023-09-26,31.3,22.4,26.2,34.1,22.4,27.3,21.3,75.4,0,0,0,,0,0,8.6,7.9,340,1006.9,14.7,16.7,229.8,19.8,8,60,2023-09-26T06:07:41,2023-09-26T18:10:00,0.39,Clear,Clear conditions throughout the day.,clear-day,"42114099999,42111099999,remote,42143099999"
haridwar,2023-09-27,32,22.2,26.2,34.4,22.2,27.2,20.7,72.6,0,0,0,,0,0,18,13.7,331,1006.1,9.7,16.8,228.8,19.7,8,30,2023-09-27T06:08:14,2023-09-27T18:08:46,0.43,Clear,Clear conditions throughout the day.,clear-day,"42114099999,42111099999,remote,42143099999"
haridwar,2023-09-28,30.8,21.7,25.7,33.1,21.7,26.5,20,72.1,0,0,0,,0,0,10.1,9,125.4,1006.3,4.6,18.6,229,19.6,8,30,2023-09-28T06:08:47,2023-09-28T18:07:32,0.46,Clear,Clear conditions throughout the day.,clear-day,"42114099999,42111099999,remote"
haridwar,2023-09-29,32.1,21.2,26.3,34.7,21.2,27.3,20.4,71.1,0,0,0,,0,0,7.9,8.3,350.4,1005.8,5.7,17.8,225.3,19.5,8,60,2023-09-29T06:09:21,2023-09-29T18:06:18,0.5,Clear,Clear conditions throughout the day.,clear-day,"42114099999,42111099999,remote,42143099999"
haridwar,2023-09-30,33.3,22.9,26.9,34.7,22.9,27.6,19.8,67,0,0,0,,0,0,15.8,10.8,334.9,1005.8,19.9,17.7,222.7,19.3,8,30,2023-09-30T06:09:55,2023-09-30T18:05:04,0.53,Clear,Clear conditions throughout the day.,clear-day,"42114099999,42111099999,remote,42143099999"
haridwar,2023-10-01,32,22.4,26.4,33.9,22.4,27.3,20,68.9,0.1,100,4.17,rain,0,0,11.9,8.6,14.6,1005.2,13.2,16.8,218.8,18.8,8,30,2023-10-01T06:10:29,2023-10-01T18:03:51,0.56,Rain,Clear conditions throughout the day with morning rain.,rain,"42114099999,42111099999,remote,42143099999"
haridwar,2023-10-02,31,22.3,25.8,31.5,22.3,26.1,18,64.2,0,0,0,,0,0,20.5,13.7,336,1005.8,29.5,16.8,154.5,13.5,6,10,2023-10-02T06:11:03,2023-10-02T18:02:38,0.59,Partially cloudy,Partly cloudy throughout the day.,partly-cloudy-day,"42114099999,42111099999,remote,42143099999"
haridwar,2023-10-03,30.3,19.4,24.3,31.1,19.4,24.5,15.7,59.9,0,0,0,,0,0,10.1,9.4,314.5,1006.5,4.8,16.7,222.3,19.2,8,10,2023-10-03T06:11:37,2023-10-03T18:01:25,0.63,Clear,Clear conditions throughout the day.,clear-day,"42114099999,42111099999,remote,42143099999"
haridwar,2023-10-04,30.8,20.2,24.8,31.1,20.2,25.1,17.9,66.8,0,0,0,,0,0,15.5,13,319.7,1006.8,4.6,16.8,220.2,19,8,10,2023-10-04T06:12:12,2023-10-04T18:00:13,0.66,Clear,Clear conditions throughout the day.,clear-day,"42114099999,42111099999,remote,42143099999"
haridwar,2023-10-05,30.5,20.5,24.9,31.4,20.5,25.3,18.8,70.3,0,0,0,,0,0,11.2,9.4,135.1,1006.3,5,17.7,218,18.8,8,10,2023-10-05T06:12:47,2023-10-05T17:59:01,0.69,Clear,Clear conditions throughout the day.,clear-day,"42114099999,42111099999,remote,42143099999"
haridwar,2023-10-06,31,20.8,25.1,31.6,20.8,25.7,19.4,72.2,0,0,0,,0,0,9.4,8.6,126.8,1005.5,7.9,16.7,217.2,18.8,8,10,2023-10-06T06:13:22,2023-10-06T17:57:50,0.75,Clear,Clear conditions throughout the day.,clear-day,"42114099999,42111099999,remote,42143099999"
haridwar,2023-10-07,31.2,21.1,25.1,30.8,21.1,25.3,18.6,70,0,0,0,,0,0,9.7,9.7,35,1006.7,10.7,16.7,216.6,18.7,8,10,2023-10-07T06:13:58,2023-10-07T17:56:39,0.76,Clear,Clear conditions throughout the day.,clear-day,"42114099999,42111099999,remote,42143099999"
haridwar,2023-10-08,31.8,20.4,25.2,31.5,20.4,25.4,17.5,64.8,0,0,0,,0,0,14.4,10.4,24.5,1007.2,13.7,16.7,215,18.6,8,10,2023-10-08T06:14:34,2023-10-08T17:55:28,0.79,Clear,Clear conditions throughout the day.,clear-day,"42114099999,42111099999,remote,42143099999"
haridwar,2023-10-09,32.3,20.7,25.4,32.1,20.7,25.5,16.6,60.2,0,0,0,,0,0,10.8,9,23.3,1007.9,7.5,16.7,213.5,18.4,8,10,2023-10-09T06:15:10,2023-10-09T17:54:18,0.82,Clear,Clear conditions throughout the day.,clear-day,"42114099999,42111099999,remote,42143099999"
haridwar,2023-10-10,30.9,18.7,24.7,30.6,18.7,24.8,15.8,59.2,0,0,0,,0,0,9,9.7,36.6,1009.1,30.4,17.6,120.5,10.5,5,10,2023-10-10T06:15:47,2023-10-10T17:53:09,0.85,Partially cloudy,Partly cloudy throughout the day.,partly-cloudy-day,"42114099999,42111099999,remote,42143099999"
haridwar,2023-10-11,31,18.9,24.2,29.8,18.9,24.1,14.3,56.2,0,0,0,,0,0,13,12.6,351.3,1009.7,1.9,18.7,216.7,18.9,8,10,2023-10-11T06:16:23,2023-10-11T17:52:00,0.89,Clear,Clear conditions throughout the day.,clear-day,"42114099999,42111099999,remote,42143099999"
haridwar,2023-10-12,30.1,18.2,23.4,29.2,18.2,23.4,13.9,57.1,0,0,0,,0,0,8.3,9,18.4,1011,1.3,17.7,212,18.2,8,10,2023-10-12T06:17:01,2023-10-12T17:50:52,0.92,Clear,Clear conditions throughout the day.,clear-day,"42114099999,42111099999,remote,42143099999"
haridwar,2023-10-13,30.1,17.7,23.2,29.1,17.7,23.1,14.7,60.7,0,0,0,,0,0,10.1,8.6,17.1,1012,4,16.7,209.2,18,8,10,2023-10-13T06:17:38,2023-10-13T17:49:44,0.95,Clear,Clear conditions throughout the day.,clear-day,"42114099999,42111099999,remote,42143099999"
haridwar,2023-10-14,30.1,18.4,23.4,29.4,18.4,23.4,15,61.2,0,0,0,,0,0,18,11.2,3.9,1011.3,8.8,16.7,205.1,17.7,7,10,2023-10-14T06:18:16,2023-10-14T17:48:37,0,Clear,Clear conditions throughout the day.,clear-day,"42114099999,42111099999,remote,42143099999"
haridwar,2023-10-15,30.3,19.4,23.5,29.4,19.4,23.4,14.1,57.7,0,0,0,,0,0,11.2,10.1,1.6,1009.3,13.6,16.6,202.7,17.5,7,30,2023-10-15T06:18:54,2023-10-15T17:47:31,0.02,Clear,Clear conditions throughout the day.,clear-day,"42114099999,42111099999,remote,42143099999"
haridwar,2023-10-16,25.8,14.7,19.2,25.8,14.7,19.2,13.6,71.3,22,100,12.5,rain,0,0,52.6,25.2,30.7,1012.6,74.7,14.3,92.4,8,5,10,2023-10-16T06:19:33,2023-10-16T17:46:26,0.05,"Rain, Partially cloudy",Partly cloudy throughout the day with rain in the morning and afternoon.,rain,"42114099999,42111099999,remote,42143099999"
haridwar,2023-10-17,27,15.7,20.6,26.9,15.7,20.6,13.4,65.6,0.1,100,4.17,rain,0,0,14.4,27.1,322.9,1014.8,43.9,16.9,197.1,17,7,10,2023-10-17T06:20:12,2023-10-17T17:45:21,0.09,"Rain, Partially cloudy",Partly cloudy throughout the day with early morning rain.,rain,"42114099999,42111099999,remote,42143099999"
haridwar,2023-10-18,26.8,14.9,20.4,26.7,14.9,20.4,11.9,60.2,0,0,0,,0,0,17.6,14,328.6,1014.4,1.5,16.9,202.8,17.5,7,10,2023-10-18T06:20:52,2023-10-18T17:44:17,0.12,Clear,Clear conditions throughout the day.,clear-day,"42114099999,42111099999,remote,42143099999"
haridwar,2023-10-19,27,14.1,20,26.9,14.1,20,12.3,63,0,0,0,,0,0,9.7,7.2,338.4,1014.1,2,16.9,199.4,17.2,7,10,2023-10-19T06:21:32,2023-10-19T17:43:14,0.16,Clear,Clear conditions throughout the day.,clear-day,"42114099999,42111099999,remote,42143099999"
haridwar,2023-10-20,27.7,14.7,20.7,27.2,14.7,20.7,12.6,62,0,0,0,,0,0,7.6,7.9,16.3,1015,1.4,17,198.5,17.1,7,10,2023-10-20T06:22:12,2023-10-20T17:42:12,0.2,Clear,Clear conditions throughout the day.,clear-day,"42114099999,42111099999,remote,42143099999"
haridwar,2023-10-21,27.3,14.9,20.6,26.8,14.9,20.5,12.1,60.5,0,0,0,,0,0,8.6,9,75.5,1015.6,6.7,17,197.7,17,7,10,2023-10-21T06:22:53,2023-10-21T17:41:11,0.23,Clear,Clear conditions throughout the day.,clear-day,"42114099999,42111099999,remote,42143099999"
haridwar,2023-10-22,27.7,15.1,20.9,27.2,15.1,20.9,12.4,60.1,0,0,0,,0,0,6.8,7.2,29.7,1016,41.6,17.7,171,14.9,7,10,2023-10-22T06:23:34,2023-10-22T17:40:10,0.25,Partially cloudy,Partly cloudy throughout the day.,partly-cloudy-day,"42114099999,42111099999,remote,42143099999"
haridwar,2023-10-23,26.8,16.4,20.8,26.6,16.4,20.8,11.4,57.4,0,0,0,,0,0,7.2,7.6,61.8,1014.4,24.2,17,194,16.9,7,10,2023-10-23T06:24:15,2023-10-23T17:39:11,0.3,Partially cloudy,Partly cloudy throughout the day.,partly-cloudy-day,"42114099999,42111099999,remote,42143099999"
haridwar,2023-10-24,28.4,15.4,21.1,27.6,15.4,21,11.2,55.7,0,0,0,,0,0,7.6,7.9,27,1013.8,2.1,17,191.3,16.4,7,10,2023-10-24T06:24:57,2023-10-24T17:38:12,0.34,Clear,Clear conditions throughout the day.,clear-day,"42114099999,42111099999,remote,42143099999"
haridwar,2023-10-25,29.6,14.4,21.7,28.2,14.4,21.5,10.1,50.2,0,0,0,,0,0,15.1,12.2,1.3,1014,2.8,17.9,190.5,16.4,7,10,2023-10-25T06:25:40,2023-10-25T17:37:15,0.37,Clear,Clear conditions throughout the day.,clear-day,"42114099999,42111099999,remote,42143099999"
haridwar,2023-10-26,28.9,15.1,21.4,27.9,15.1,21.3,10.6,52.6,0,0,0,,0,0,9.7,8.3,5.8,1013.6,0.4,17,188.6,16.3,7,10,2023-10-26T06:26:22,2023-10-26T17:36:18,0.41,Clear,Clear conditions throughout the day.,clear-day,"42114099999,42111099999,remote,42143099999"
haridwar,2023-10-27,28.3,15.4,21,27.3,15.4,20.9,10.3,52.8,0,0,0,,0,0,8.6,9.4,45,1013.1,8,17,188.8,16.4,7,10,2023-10-27T06:27:06,2023-10-27T17:35:23,0.44,Clear,Clear conditions throughout the day.,clear-day,"42114099999,42111099999,remote,42143099999"
haridwar,2023-10-28,27.7,14.4,21,27,14.4,21,10.9,55.1,0,0,0,,0,0,7.9,8.3,72.5,1013.4,46.1,17,181.5,15.7,7,10,2023-10-28T06:27:49,2023-10-28T17:34:28,0.48,Partially cloudy,Partly cloudy throughout the day.,partly-cloudy-day,"42114099999,42111099999,remote,42143099999"
haridwar,2023-10-29,28.1,16.1,21,27.3,16.1,21,11.6,57.2,0,0,0,,0,0,9.7,9.4,33.4,1013.8,40.3,17.7,174.1,15.2,7,10,2023-10-29T06:28:33,2023-10-29T17:33:35,0.5,Partially cloudy,Partly cloudy throughout the day.,partly-cloudy-day,"42114099999,42111099999,remote,42143099999"
haridwar,2023-10-30,28.1,15.4,21.2,27.4,15.4,21.1,12.1,58.4,0,0,0,,0,0,8.3,8.6,33.2,1014.6,26.4,17.9,180.8,15.6,7,10,2023-10-30T06:29:18,2023-10-30T17:32:43,0.55,Partially cloudy,Becoming cloudy in the afternoon.,partly-cloudy-day,"42114099999,42111099999,remote,42143099999"
haridwar,2023-10-31,28.4,15.1,21.4,27.6,15.1,21.3,12.3,58.6,0,0,0,,0,0,7.9,8.6,63.4,1015.8,42,16.9,178.8,15.4,7,10,2023-10-31T06:30:03,2023-10-31T17:31:52,0.58,Partially cloudy,Partly cloudy throughout the day.,partly-cloudy-day,"42114099999,42111099999,remote,42143099999"
haridwar,2023-11-01,29.6,15.7,21.7,28.3,15.7,21.5,11.6,55.6,0,0,0,,0,0,7.9,8.3,9.9,1016.4,17.4,17.9,177.9,15.3,7,10,2023-11-01T06:30:48,2023-11-01T17:31:02,0.61,Clear,Clear conditions throughout the day.,clear-day,"42114099999,42111099999,remote,42143099999"
haridwar,2023-11-02,28.7,14.9,21.1,27.6,14.9,21,11.2,55.8,0,0,0,,0,0,7.9,8.3,13.2,1014.5,12.6,17,176.3,15.2,7,10,2023-11-02T06:31:34,2023-11-02T17:30:14,0.64,Clear,Clear conditions throughout the day.,clear-day,"42114099999,42111099999,remote,42143099999"
haridwar,2023-11-03,27.1,13.9,20.3,26.6,13.9,20.2,10.3,55.2,0,0,0,,0,0,8.3,9,68.8,1012.3,28.6,16.9,171.9,14.8,7,10,2023-11-03T06:32:20,2023-11-03T17:29:27,0.67,Partially cloudy,Clearing in the afternoon.,partly-cloudy-day,"42114099999,42111099999,remote,42143099999"
haridwar,2023-11-04,28.1,14.9,20.3,27.1,14.9,20.2,10.5,56.3,0,0,0,,0,0,17.3,11.9,17.4,1012.1,13.5,16.9,174.7,15.1,7,10,2023-11-04T06:33:07,2023-11-04T17:28:41,0.71,Clear,Clear conditions throughout the day.,clear-day,"42114099999,42111099999,remote,42143099999"
haridwar,2023-11-05,28.1,13.7,20.2,27,13.7,20,8.9,51.9,0,0,0,,0,0,10.8,9.4,25.6,1013.8,8.3,16.9,172.1,14.9,7,10,2023-11-05T06:33:53,2023-11-05T17:27:56,0.75,Clear,Clear conditions throughout the day.,clear-day,"42114099999,42111099999,remote,42143099999"
haridwar,2023-11-06,27.4,14.4,20,26.7,14.4,19.9,9.3,52.9,0,0,0,,0,0,9.4,9,36.4,1015.6,19.6,17.7,170.8,14.6,7,10,2023-11-06T06:34:41,2023-11-06T17:27:13,0.77,Clear,Clear conditions throughout the day.,clear-day,"42114099999,42111099999,remote,42143099999"
haridwar,2023-11-07,26.9,13.7,19.6,26.6,13.7,19.5,9.7,56.2,0,0,0,,0,0,10.4,9,0.6,1014.7,8.8,16.8,170.3,14.7,7,10,2023-11-07T06:35:28,2023-11-07T17:26:31,0.8,Clear,Clear conditions throughout the day.,clear-day,"42114099999,42111099999,remote,42143099999"
haridwar,2023-11-08,27.2,14.1,19.8,26.5,14.1,19.7,9.7,55.5,0,0,0,,0,0,14.4,10.4,4.8,1013.3,2.4,16.8,165.3,14.4,6,10,2023-11-08T06:36:16,2023-11-08T17:25:50,0.84,Clear,Clear conditions throughout the day.,clear-day,"42114099999,42111099999,remote,42143099999"
haridwar,2023-11-09,28.8,13.9,20.4,27.6,13.9,20.3,9.5,53,0,0,0,,0,0,19.4,13.7,0.2,1013.5,4.4,16.7,164.2,14.2,6,10,2023-11-09T06:37:04,2023-11-09T17:25:11,0.87,Clear,Clear conditions throughout the day.,clear-day,"42114099999,42111099999,remote,42143099999"
haridwar,2023-11-10,28,15.2,20.1,27.1,15.2,20,10.4,56.8,0.4,100,12.5,rain,0,0,43.9,23.4,22.9,1015.6,51.7,16.5,150.7,13,6,10,2023-11-10T06:37:53,2023-11-10T17:24:33,0.9,"Rain, Partially cloudy",Partly cloudy throughout the day with late afternoon rain.,rain,"42114099999,42111099999,remote,42143099999"
haridwar,2023-11-11,26.1,15.5,19.3,26.1,15.5,19.3,11.8,64.2,1,100,4.17,rain,0,0,10.8,9.4,2.8,1016.8,19.2,16.8,160.6,13.9,6,10,2023-11-11T06:38:41,2023-11-11T17:23:57,0.93,Rain,Clear conditions throughout the day with early morning rain.,rain,"42114099999,42111099999,remote,42143099999"
haridwar,2023-11-12,26.3,13.9,19.2,26.3,13.9,19.2,10.7,60.7,0,0,0,,0,0,10.4,10.8,322.5,1017,3.3,16.8,162,14,6,10,2023-11-12T06:39:30,2023-11-12T17:23:22,0.96,Clear,Clear conditions throughout the day.,clear-day,"42114099999,42111099999,remote,42143099999"
haridwar,2023-11-13,25.9,13.9,18.8,25.9,13.9,18.8,9.6,58.4,0,0,0,,0,0,7.6,9,6.7,1017.4,31,17.8,160.9,13.9,6,10,2023-11-13T06:40:20,2023-11-13T17:22:49,0,Partially cloudy,Partly cloudy throughout the day.,partly-cloudy-day,"42114099999,42111099999,remote,42143099999"
haridwar,2023-11-14,25.7,13.7,19.1,25.7,13.7,19.1,10.3,59.1,0,0,0,,0,0,6.8,7.2,347.9,1016.8,74.6,16.9,136.2,11.8,5,10,2023-11-14T06:41:09,2023-11-14T17:22:17,0.03,Partially cloudy,Partly cloudy throughout the day.,partly-cloudy-day,"42114099999,42111099999,remote,42143099999"
haridwar,2023-11-15,26.5,14.2,19.4,26.5,14.2,19.4,10.6,59.5,0,0,0,,0,0,7.9,8.3,346.7,1016.7,8.1,17.9,157.9,13.7,6,10,2023-11-15T06:41:59,2023-11-15T17:21:47,0.07,Clear,Clear conditions throughout the day.,clear-day,"42114099999,42111099999,remote,42143099999"
haridwar,2023-11-16,26.3,13.7,19.1,26.3,13.7,19.1,10,58.2,0,0,0,,0,0,7.6,8.3,24.3,1017.8,12.9,16.9,154,13.5,6,10,2023-11-16T06:42:48,2023-11-16T17:21:18,0.1,Clear,Clear conditions throughout the day.,clear-day,"42114099999,42111099999,remote,42143099999"
haridwar,2023-11-17,27.6,13.2,19.4,26.6,13.2,19.3,8.8,53.8,0,0,0,,0,0,9,9,355.9,1017.7,25.7,16.9,157.3,13.6,6,10,2023-11-17T06:43:38,2023-11-17T17:20:51,0.14,Partially cloudy,Partly cloudy throughout the day.,partly-cloudy-day,"42114099999,42111099999,remote,42143099999"
haridwar,2023-11-18,27,13.2,19.4,26.7,13.2,19.4,9.1,54.5,0,0,0,,0,0,8.3,7.9,50.2,1015.8,7.4,17,154,13.3,6,10,2023-11-18T06:44:28,2023-11-18T17:20:26,0.17,Clear,Clear conditions throughout the day.,clear-day,"42114099999,42111099999,remote,42143099999"
haridwar,2023-11-19,24.9,13.4,18.9,24.9,13.4,18.9,11.1,62.6,0,0,0,,0,0,12.6,9.7,95.6,1017,7.5,17,151.9,13.1,6,10,2023-11-19T06:45:18,2023-11-19T17:20:02,0.21,Clear,Clear conditions throughout the day.,clear-day,"42114099999,42111099999,remote,42143099999"
haridwar,2023-11-20,25.4,14.1,18.8,25.4,14.1,18.8,11.7,65.3,0,0,0,,0,0,7.6,7.9,343.1,1016.8,3.3,16.9,151.3,13.1,6,10,2023-11-20T06:46:09,2023-11-20T17:19:40,0.25,Clear,Clear conditions throughout the day.,clear-day,"42114099999,42111099999,remote,42143099999"
haridwar,2023-11-21,26.2,13.7,18.4,26.2,13.7,18.4,9.2,58.5,0,0,0,,0,0,15.1,14.8,326.3,1015.5,0.4,17,152.6,13.3,6,10,2023-11-21T06:46:59,2023-11-21T17:19:19,0.28,Clear,Clear conditions throughout the day.,clear-day,"42114099999,42111099999,remote,42143099999"
haridwar,2023-11-22,24.8,11.4,17.3,24.8,11.4,17.3,7,54.5,0,0,0,,0,0,8.3,9.4,13.7,1013.2,0,17,152.3,13.2,6,10,2023-11-22T06:47:49,2023-11-22T17:19:00,0.32,Clear,Clear conditions throughout the day.,clear-day,"42114099999,42111099999,remote,42143099999"
haridwar,2023-11-23,24.1,11.9,17.1,24.1,11.9,17.1,8,58.2,0,0,0,,0,0,12.2,10.4,92.7,1013.9,1.3,16.9,149.5,13,6,10,2023-11-23T06:48:39,2023-11-23T17:18:43,0.35,Clear,Clear conditions throughout the day.,clear-day,"42114099999,42111099999,remote,42143099999"
haridwar,2023-11-24,25.3,11.7,17.8,25.3,11.7,17.8,8.1,56.4,0,0,0,,0,0,6.8,7.2,7.8,1015.6,16.5,16.9,148.8,13,6,10,2023-11-24T06:49:29,2023-11-24T17:18:27,0.39,Clear,Clear conditions throughout the day.,clear-day,"42114099999,42111099999,remote,42143099999"
haridwar,2023-11-25,25.7,12.2,18,25.7,12.2,18,7.8,54.8,0,0,0,,0,0,7.2,8.6,24,1016.8,53.3,16.9,134.8,11.6,6,10,2023-11-25T06:50:19,2023-11-25T17:18:13,0.42,Partially cloudy,Partly cloudy throughout the day.,partly-cloudy-day,"42114099999,42111099999,remote,42143099999"
haridwar,2023-11-26,25.6,12.7,18.3,25.6,12.7,18.3,7.8,53.7,0,0,0,,0,0,14,10.4,77.6,1017.8,90.8,16.9,106.8,9.1,5,10,2023-11-26T06:51:08,2023-11-26T17:18:01,0.46,Overcast,Cloudy skies throughout the day.,cloudy,"42114099999,42111099999,remote,42143099999"
haridwar,2023-11-27,21.4,14.1,17.7,21.4,14.1,17.7,9.5,60.4,0.1,100,4.17,rain,0,0,12.6,9,47.2,1016.3,93.8,16.8,54.6,4.7,2,10,2023-11-27T06:51:58,2023-11-27T17:17:50,0.5,"Rain, Overcast",Cloudy skies throughout the day with late afternoon rain.,rain,"42114099999,42111099999,remote,42143099999"
haridwar,2023-11-28,23.4,13.4,18,23.4,13.4,18,10,61,0,0,0,,0,0,10.4,9,86.8,1015.2,83.8,17.8,93.6,8,5,10,2023-11-28T06:52:47,2023-11-28T17:17:41,0.53,Partially cloudy,Partly cloudy throughout the day.,partly-cloudy-day,"42114099999,42111099999,remote,42143099999"
haridwar,2023-11-29,25.8,11.7,17.9,25.8,11.7,17.9,8.9,58.5,0,0,0,,0,0,13.3,9.4,80.1,1015.6,11.9,16.8,140,12,6,10,2023-11-29T06:53:36,2023-11-29T17:17:34,0.56,Clear,Clear conditions throughout the day.,clear-day,"42114099999,42111099999,remote,42143099999"
haridwar,2023-11-30,25.1,12.9,17.6,25.1,12.9,17.6,10.7,66.4,1.5,100,20.83,rain,0,0,15.8,10.8,52,1016.8,34.8,15.8,138.5,12,6,10,2023-11-30T06:54:24,2023-11-30T17:17:29,0.59,"Rain, Partially cloudy",Partly cloudy throughout the day with rain clearing later.,rain,"42114099999,42111099999,remote,42143099999"
haridwar,2023-12-01,25.1,12.2,18,25.1,12.2,18,9.8,62,0,0,0,,0,0,9.4,9,17.2,1016.7,31.2,16.9,135.6,11.7,6,10,2023-12-01T06:55:12,2023-12-01T17:17:25,0.62,Partially cloudy,Clearing in the afternoon.,partly-cloudy-day,"42114099999,42111099999,remote,42143099999"
haridwar,2023-12-02,24.8,12.1,17.7,24.8,12.1,17.7,9.2,60.6,0,0,0,,0,0,7.6,7.6,36.5,1017.1,3.5,16.7,138.5,12,6,10,2023-12-02T06:56:00,2023-12-02T17:17:23,0.66,Clear,Clear conditions throughout the day.,clear-day,"42114099999,42111099999,remote,42143099999"
haridwar,2023-12-03,25.4,11.9,17.4,25.4,11.9,17.4,6.7,54.2,0,0,0,,0,0,10.1,8.6,32.8,1017.6,4.2,16.9,141.1,12,6,10,2023-12-03T06:56:48,2023-12-03T17:17:22,0.69,Clear,Clear conditions throughout the day.,clear-day,"42114099999,42111099999,remote,42143099999"
haridwar,2023-12-04,22.5,14.7,17.2,22.5,14.7,17.2,7.3,54.8,0,0,0,,0,0,12.2,9.4,18.5,1016.4,49.5,16.8,75.6,6.5,4,10,2023-12-04T06:57:34,2023-12-04T17:17:24,0.72,Partially cloudy,Partly cloudy throughout the day.,partly-cloudy-day,"42114099999,42111099999,remote,42143099999"
haridwar,2023-12-05,24.2,12.7,17,24.2,12.7,17,8.2,58.6,0.2,100,4.17,rain,0,0,11.9,11.2,355.1,1015.7,15.6,17.9,136.2,11.8,5,10,2023-12-05T06:58:21,2023-12-05T17:17:27,0.75,Rain,Clear conditions throughout the day with early morning rain.,rain,"42114099999,42111099999,remote,42143099999"
haridwar,2023-12-06,25.7,10.9,17.3,25.7,10.9,17.3,6.4,53,0,0,0,,0,0,8.6,8.6,24.7,1016,0.7,17,139.4,12,6,10,2023-12-06T06:59:06,2023-12-06T17:17:31,0.78,Clear,Clear conditions throughout the day.,clear-day,"42114099999,42111099999,remote,42143099999"
haridwar,2023-12-07,25.8,10.9,17.4,25.8,10.9,17.4,6.6,52.9,0,0,0,,0,0,18,11.9,343.1,1015.3,0,17.1,136.4,11.8,6,10,2023-12-07T06:59:51,2023-12-07T17:17:38,0.82,Clear,Clear conditions throughout the day.,clear-day,"42114099999,42111099999,remote,42143099999"
haridwar,2023-12-08,24.2,10.1,16.1,24.2,10.1,16.1,5.1,52.1,0,0,0,,0,0,18,13.3,335.2,1014.7,0,16.9,137.7,11.8,6,10,2023-12-08T07:00:36,2023-12-08T17:17:46,0.85,Clear,Clear conditions throughout the day.,clear-day,"42114099999,42111099999,remote,42143099999"
haridwar,2023-12-09,22.8,9.7,15,22.8,9.7,15,2.9,48.6,0,0,0,,0,0,17.3,14.8,324,1015.4,0.4,17.8,140.9,12.4,6,10,2023-12-09T07:01:19,2023-12-09T17:17:56,0.88,Clear,Clear conditions throughout the day.,clear-day,"42114099999,42111099999,remote,42143099999"
haridwar,2023-12-10,22.3,9.4,14.4,22.3,9.4,14.4,3.6,52.9,0,0,0,,0,0,9.7,10.1,332.9,1013.6,4.9,16.9,140,12.2,6,10,2023-12-10T07:02:02,2023-12-10T17:18:07,0.91,Clear,Clear conditions throughout the day.,clear-day,"42114099999,42111099999,remote,42143099999"
haridwar,2023-12-11,21.6,8.9,13.9,21.6,8.9,13.8,2.8,52,0,0,0,,0,0,11.2,10.4,95.7,1015.1,32.1,16.6,133.8,11.5,5,10,2023-12-11T07:02:44,2023-12-11T17:18:20,0.95,Partially cloudy,Clearing in the afternoon.,partly-cloudy-day,"42114099999,42111099999,remote,42143099999"
haridwar,2023-12-12,21.7,8.7,13.9,21.7,8.7,13.7,1.3,47.2,0,0,0,,0,0,8.3,9,50.2,1014.7,4.7,17.8,138.7,11.9,6,10,2023-12-12T07:03:26,2023-12-12T17:18:35,0.98,Clear,Clear conditions throughout the day.,clear-day,"42114099999,42111099999,remote,42143099999"
haridwar,2023-12-13,22.4,8.7,14,22.4,8.6,13.9,2.1,49.2,0,0,0,,0,0,14,13.7,350.3,1015.8,0.5,16.9,136.9,11.7,6,10,2023-12-13T07:04:06,2023-12-13T17:18:51,0,Clear,Clear conditions throughout the day.,clear-day,"42114099999,42111099999,remote,42143099999"
haridwar,2023-12-14,22,8.1,14.1,22,8.1,14.1,1.5,47.8,0,0,0,,0,0,12.6,11.2,335.4,1016.4,65.5,16.8,128.6,11.1,5,10,2023-12-14T07:04:45,2023-12-14T17:19:09,0.05,Partially cloudy,Partly cloudy throughout the day.,partly-cloudy-day,"42114099999,42111099999,remote,42143099999"
haridwar,2023-12-15,22.2,7.9,14.4,22.2,7.9,14.4,2,47.8,0,0,0,,0,0,9.4,9.7,339.2,1017.8,77.7,16.9,127.4,11,5,10,2023-12-15T07:05:24,2023-12-15T17:19:28,0.08,Partially cloudy,Partly cloudy throughout the day.,partly-cloudy-day,"42114099999,42111099999,remote,42143099999"
haridwar,2023-12-16,22,8.4,14.2,22,8.4,14.2,1.8,48.3,0,0,0,,0,0,13.3,12.6,323.7,1016.4,69.8,16.8,129.5,11.1,5,10,2023-12-16T07:06:01,2023-12-16T17:19:49,0.12,Partially cloudy,Partly cloudy throughout the day.,partly-cloudy-day,"42114099999,42111099999,remote,42143099999"
haridwar,2023-12-17,21.5,8.1,13.4,21.5,8.1,13.3,1.4,48.9,0,0,0,,0,0,15.8,13.3,337.6,1017.5,2.5,16.8,136.9,11.8,6,10,2023-12-17T07:06:38,2023-12-17T17:20:11,0.15,Clear,Clear conditions throughout the day.,clear-day,"42114099999,42111099999,remote,42143099999"
haridwar,2023-12-18,22.1,6.9,13.4,22.1,6.9,13.2,0.5,46.7,0,0,0,,0,0,16.9,15.1,330.8,1018.7,0,17,138.9,12.1,6,10,2023-12-18T07:07:13,2023-12-18T17:20:35,0.19,Clear,Clear conditions throughout the day.,clear-day,"42114099999,42111099999,remote,42143099999"
haridwar,2023-12-19,22.6,7.1,13.4,22.6,7.1,13.4,-1.6,42.2,0,0,0,,0,0,11.5,11.9,337.9,1018.7,6.3,16.9,141.5,12.3,6,10,2023-12-19T07:07:47,2023-12-19T17:21:00,0.22,Clear,Clear conditions throughout the day.,clear-day,"42114099999,42111099999,remote,42143099999"
haridwar,2023-12-20,20.9,7.1,12.8,20.9,7.1,12.7,-0.7,45,0,0,0,,0,0,8.3,9.4,72.8,1018.5,29.7,16.8,138.7,12,6,10,2023-12-20T07:08:20,2023-12-20T17:21:27,0.25,Partially cloudy,Partly cloudy throughout the day.,partly-cloudy-day,"42114099999,42111099999,remote,42143099999"
haridwar,2023-12-21,21.6,7.9,13.5,21.6,7.2,13.4,0.8,47,0,0,0,,0,0,6.8,8.6,5.1,1017.3,35.4,16.9,133.7,11.7,5,10,2023-12-21T07:08:52,2023-12-21T17:21:55,0.3,Partially cloudy,Partly cloudy throughout the day.,partly-cloudy-day,"42114099999,42111099999,remote,42143099999"
haridwar,2023-12-22,22.8,8.4,14.6,22.8,8.4,14.6,2.8,49.1,0,0,0,,0,0,7.2,7.6,58.9,1017.2,44.9,16.8,125.8,10.9,5,10,2023-12-22T07:09:22,2023-12-22T17:22:25,0.33,Partially cloudy,Partly cloudy throughout the day.,partly-cloudy-day,"42114099999,42111099999,remote,42143099999"
haridwar,2023-12-23,23,10.5,15.6,23,10.5,15.6,4.8,52.2,0,0,0,,0,0,10.1,8.6,74.2,1019,40.2,16.6,132,11.4,5,10,2023-12-23T07:09:51,2023-12-23T17:22:56,0.37,Partially cloudy,Clearing in the afternoon.,partly-cloudy-day,"42114099999,42111099999,remote,42143099999"
haridwar,2023-12-24,24.2,8.7,15.7,24.2,8.7,15.7,4.5,50.8,0,0,0,,0,0,13.7,10.4,333,1020.4,16.5,17.7,131.8,11.4,5,10,2023-12-24T07:10:19,2023-12-24T17:23:28,0.4,Clear,Clear conditions throughout the day.,clear-day,"42114099999,42111099999,remote,42143099999"
